date,max,min
Jan-97,25,16
Jan-97,22,18
Jan-97,18,17
Jan-97,20,17
Jan-97,19,15
Jan-97,18,14
Jan-97,19,14
Jan-97,18,11
Jan-97,16,11
Jan-97,19,11
Jan-97,20,12
Jan-97,19,12
Jan-97,19,15
Jan-97,23,17
Jan-97,21,17
Jan-97,22,17
Jan-97,21,18
Jan-97,22,17
Jan-97,21,17
Jan-97,22,16
Jan-97,23,18
Jan-97,19,16
Jan-97,19,13
Jan-97,14,10
Jan-97,13,10
Jan-97,19,12
Jan-97,20,13
Jan-97,21,14
Jan-97,22,14
Jan-97,24,18
Jan-97,26,17
Feb-97,20,17
Feb-97,20,17
Feb-97,18,14
Feb-97,19,14
Feb-97,18,15
Feb-97,17,14
Feb-97,19,13
Feb-97,18,13
Feb-97,18,14
Feb-97,17,16
Feb-97,18,14
Feb-97,15,13
Feb-97,16,13
Feb-97,16,14
Feb-97,16,14
Feb-97,15,13
Feb-97,15,13
Feb-97,18,11
Feb-97,19,13
Feb-97,21,14
Feb-97,23,13
Feb-97,21,16
Feb-97,21,15
Feb-97,24,16
Feb-97,24,19
Feb-97,26,21
Feb-97,23,18
Feb-97,24,17
Mar-97,26,17
Mar-97,22,16
Mar-97,19,14
Mar-97,21,14
Mar-97,22,17
Mar-97,26,17
Mar-97,26,18
Mar-97,26,19
Mar-97,23,19
Mar-97,26,20
Mar-97,26,21
Mar-97,25,20
Mar-97,27,21
Mar-97,26,21
Mar-97,28,20
Mar-97,23,21
Mar-97,20,18
Mar-97,20,18
Mar-97,26,19
Mar-97,21,17
Mar-97,21,18
Mar-97,23,18
Mar-97,19,17
Mar-97,19,16
Mar-97,21,16
Mar-97,26,19
Mar-97,22,19
Mar-97,21,19
Mar-97,24,19
Mar-97,26,18
Mar-97,24,19
Apr-97,22,19
Apr-97,26,21
Apr-97,27,21
Apr-97,23,21
Apr-97,26,20
Apr-97,23,21
Apr-97,22,20
Apr-97,26,21
Apr-97,25,22
Apr-97,22,20
Apr-97,28,20
Apr-97,26,21
Apr-97,25,22
Apr-97,26,22
Apr-97,29,24
Apr-97,26,22
Apr-97,24,21
Apr-97,27,22
Apr-97,26,22
Apr-97,24,21
Apr-97,28,22
Apr-97,29,23
Apr-97,25,22
Apr-97,23,21
Apr-97,23,19
Apr-97,26,20
Apr-97,27,22
Apr-97,29,21
Apr-97,28,24
Apr-97,29,25
May-97,29,24
May-97,30,25
May-97,30,25
May-97,27,22
May-97,27,23
May-97,28,24
May-97,27,24
May-97,28,23
May-97,27,23
May-97,25,22
May-97,31,24
May-97,30,26
May-97,31,27
May-97,32,27
May-97,32,27
May-97,32,28
May-97,29,25
May-97,32,25
May-97,31,26
May-97,30,26
May-97,27,23
May-97,25,23
May-97,25,22
May-97,27,21
May-97,30,23
May-97,30,23
May-97,29,22
May-97,29,23
May-97,29,25
May-97,29,25
May-97,31,26
Jun-97,31,25
Jun-97,32,27
Jun-97,31,25
Jun-97,31,24
Jun-97,31,28
Jun-97,32,27
Jun-97,31,29
Jun-97,32,29
Jun-97,32,29
Jun-97,31,26
Jun-97,29,26
Jun-97,30,27
Jun-97,27,25
Jun-97,29,25
Jun-97,27,24
Jun-97,26,23
Jun-97,26,23
Jun-97,26,23
Jun-97,29,25
Jun-97,31,26
Jun-97,31,26
Jun-97,29,25
Jun-97,32,26
Jun-97,30,25
Jun-97,32,26
Jun-97,30,26
Jun-97,32,26
Jun-97,31,27
Jun-97,32,26
Jun-97,30,27
Jul-97,29,24
Jul-97,29,25
Jul-97,27,24
Jul-97,30,23
Jul-97,30,28
Jul-97,31,26
Jul-97,31,26
Jul-97,30,27
Jul-97,30,28
Jul-97,30,26
Jul-97,30,26
Jul-97,32,27
Jul-97,32,28
Jul-97,32,27
Jul-97,31,26
Jul-97,30,26
Jul-97,29,25
Jul-97,28,25
Jul-97,28,26
Jul-97,31,25
Jul-97,32,27
Jul-97,32,28
Jul-97,32,26
Jul-97,32,27
Jul-97,30,28
Jul-97,32,28
Jul-97,33,28
Jul-97,33,28
Jul-97,35,28
Jul-97,34,29
Jul-97,32,29
Aug-97,31,26
Aug-97,28,25
Aug-97,29,25
Aug-97,31,28
Aug-97,33,28
Aug-97,33,28
Aug-97,32,26
Aug-97,30,25
Aug-97,31,29
Aug-97,31,28
Aug-97,32,25
Aug-97,30,26
Aug-97,29,26
Aug-97,31,26
Aug-97,33,27
Aug-97,31,27
Aug-97,33,26
Aug-97,35,28
Aug-97,35,29
Aug-97,34,29
Aug-97,30,26
Aug-97,29,26
Aug-97,31,27
Aug-97,30,25
Aug-97,31,26
Aug-97,31,27
Aug-97,31,25
Aug-97,35,28
Aug-97,37,28
Aug-97,34,30
Aug-97,32,29
Sept-97,33,28
Sept-97,31,29
Sept-97,30,27
Sept-97,31,27
Sept-97,33,26
Sept-97,32,28
Sept-97,28,25
Sept-97,29,25
Sept-97,31,25
Sept-97,32,26
Sept-97,32,26
Sept-97,32,26
Sept-97,32,27
Sept-97,32,24
Sept-97,30,26
Sept-97,31,26
Sept-97,31,25
Sept-97,30,24
Sept-97,30,25
Sept-97,30,27
Sept-97,25,20
Sept-97,27,22
Sept-97,27,23
Sept-97,28,25
Sept-97,30,25
Sept-97,29,25
Sept-97,28,23
Sept-97,23,20
Sept-97,23,20
Sept-97,25,22
Oct-97,29,24
Oct-97,30,26
Oct-97,28,25
Oct-97,31,26
Oct-97,31,26
Oct-97,29,25
Oct-97,30,26
Oct-97,28,26
Oct-97,28,25
Oct-97,30,24
Oct-97,30,26
Oct-97,29,26
Oct-97,30,26
Oct-97,30,25
Oct-97,31,25
Oct-97,31,26
Oct-97,29,24
Oct-97,28,24
Oct-97,31,26
Oct-97,31,25
Oct-97,32,25
Oct-97,30,26
Oct-97,30,26
Oct-97,30,26
Oct-97,29,26
Oct-97,29,25
Oct-97,27,21
Oct-97,24,19
Oct-97,28,20
Oct-97,28,21
Oct-97,26,20
Nov-97,25,19
Nov-97,27,19
Nov-97,28,21
Nov-97,28,22
Nov-97,26,20
Nov-97,24,19
Nov-97,26,20
Nov-97,26,21
Nov-97,25,22
Nov-97,26,22
Nov-97,28,23
Nov-97,29,24
Nov-97,31,22
Nov-97,29,21
Nov-97,31,23
Nov-97,29,20
Nov-97,22,17
Nov-97,21,16
Nov-97,24,18
Nov-97,27,21
Nov-97,29,21
Nov-97,29,21
Nov-97,25,23
Nov-97,25,22
Nov-97,29,24
Nov-97,29,26
Nov-97,27,25
Nov-97,28,24
Nov-97,27,22
Nov-97,23,21
Dec-97,27,18
Dec-97,18,15
Dec-97,19,15
Dec-97,24,16
Dec-97,23,20
Dec-97,26,22
Dec-97,26,17
Dec-97,19,13
Dec-97,19,12
Dec-97,18,13
Dec-97,18,13
Dec-97,17,14
Dec-97,19,14
Dec-97,21,15
Dec-97,24,15
Dec-97,25,17
Dec-97,27,17
Dec-97,24,19
Dec-97,25,20
Dec-97,27,20
Dec-97,23,21
Dec-97,21,17
Dec-97,19,14
Dec-97,18,14
Dec-97,22,17
Dec-97,22,19
Dec-97,22,18
Dec-97,24,19
Dec-97,24,18
Dec-97,27,17
Dec-97,22,20
Jan-98,27,19
Jan-98,22,19
Jan-98,23,20
Jan-98,26,18
Jan-98,19,15
Jan-98,20,17
Jan-98,22,18
Jan-98,27,18
Jan-98,23,20
Jan-98,25,20
Jan-98,27,20
Jan-98,20,16
Jan-98,23,18
Jan-98,25,18
Jan-98,18,13
Jan-98,19,13
Jan-98,19,13
Jan-98,17,10
Jan-98,13,10
Jan-98,15,13
Jan-98,16,13
Jan-98,19,16
Jan-98,20,12
Jan-98,13,9
Jan-98,13,11
Jan-98,15,11
Jan-98,17,15
Jan-98,20,13
Jan-98,15,13
Jan-98,18,14
Jan-98,20,15
Feb-98,23,17
Feb-98,20,16
Feb-98,23,18
Feb-98,19,10
Feb-98,11,9
Feb-98,12,9
Feb-98,18,10
Feb-98,19,10
Feb-98,21,15
Feb-98,24,18
Feb-98,22,17
Feb-98,26,18
Feb-98,25,20
Feb-98,24,19
Feb-98,21,18
Feb-98,23,17
Feb-98,25,19
Feb-98,20,18
Feb-98,26,19
Feb-98,27,22
Feb-98,22,16
Feb-98,17,14
Feb-98,17,14
Feb-98,18,14
Feb-98,20,14
Feb-98,17,14
Feb-98,18,14
Feb-98,16,14
Mar-98,17,15
Mar-98,18,15
Mar-98,21,16
Mar-98,21,17
Mar-98,24,16
Mar-98,20,17
Mar-98,21,18
Mar-98,21,19
Mar-98,26,22
Mar-98,24,13
Mar-98,17,13
Mar-98,17,13
Mar-98,20,15
Mar-98,19,18
Mar-98,20,17
Mar-98,21,17
Mar-98,21,18
Mar-98,21,17
Mar-98,25,18
Mar-98,27,20
Mar-98,22,14
Mar-98,17,12
Mar-98,23,16
Mar-98,24,17
Mar-98,25,19
Mar-98,24,20
Mar-98,29,21
Mar-98,28,21
Mar-98,28,22
Mar-98,27,21
Mar-98,28,21
Apr-98,29,22
Apr-98,27,21
Apr-98,23,19
Apr-98,25,20
Apr-98,29,21
Apr-98,28,22
Apr-98,28,21
Apr-98,29,22
Apr-98,29,23
Apr-98,30,24
Apr-98,29,24
Apr-98,27,22
Apr-98,28,23
Apr-98,27,23
Apr-98,28,23
Apr-98,28,21
Apr-98,33,21
Apr-98,31,23
Apr-98,27,23
Apr-98,26,21
Apr-98,27,23
Apr-98,29,24
Apr-98,29,27
Apr-98,29,27
Apr-98,29,25
Apr-98,29,22
Apr-98,25,23
Apr-98,27,24
Apr-98,28,24
Apr-98,28,24
May-98,31,26
May-98,30,23
May-98,27,23
May-98,29,24
May-98,29,25
May-98,31,24
May-98,31,26
May-98,31,27
May-98,31,27
May-98,31,27
May-98,33,27
May-98,32,27
May-98,32,28
May-98,32,27
May-98,29,24
May-98,32,26
May-98,29,26
May-98,31,26
May-98,28,26
May-98,30,26
May-98,28,26
May-98,29,26
May-98,30,27
May-98,28,23
May-98,26,21
May-98,27,21
May-98,28,25
May-98,31,24
May-98,32,27
May-98,28,25
May-98,28,25
Jun-98,31,27
Jun-98,31,27
Jun-98,31,27
Jun-98,29,25
Jun-98,29,25
Jun-98,26,23
Jun-98,25,22
Jun-98,28,23
Jun-98,29,24
Jun-98,29,25
Jun-98,30,25
Jun-98,31,29
Jun-98,32,29
Jun-98,33,29
Jun-98,33,29
Jun-98,33,29
Jun-98,33,30
Jun-98,33,30
Jun-98,31,27
Jun-98,32,29
Jun-98,33,29
Jun-98,31,28
Jun-98,31,26
Jun-98,31,28
Jun-98,31,29
Jun-98,32,26
Jun-98,29,27
Jun-98,32,26
Jun-98,33,27
Jun-98,33,28
Jul-98,33,26
Jul-98,30,26
Jul-98,29,25
Jul-98,30,24
Jul-98,30,25
Jul-98,31,25
Jul-98,31,26
Jul-98,31,27
Jul-98,31,26
Jul-98,33,26
Jul-98,33,28
Jul-98,32,28
Jul-98,31,24
Jul-98,33,27
Jul-98,33,28
Jul-98,33,29
Jul-98,34,29
Jul-98,34,29
Jul-98,34,29
Jul-98,33,29
Jul-98,34,30
Jul-98,33,29
Jul-98,33,30
Jul-98,33,30
Jul-98,34,30
Jul-98,34,29
Jul-98,34,29
Jul-98,34,29
Jul-98,34,29
Jul-98,33,29
Jul-98,34,29
Aug-98,34,29
Aug-98,34,28
Aug-98,35,30
Aug-98,34,29
Aug-98,33,30
Aug-98,32,28
Aug-98,30,26
Aug-98,33,27
Aug-98,34,27
Aug-98,30,27
Aug-98,29,26
Aug-98,32,27
Aug-98,33,28
Aug-98,34,28
Aug-98,33,28
Aug-98,34,28
Aug-98,33,27
Aug-98,35,29
Aug-98,35,28
Aug-98,33,28
Aug-98,35,29
Aug-98,33,28
Aug-98,31,28
Aug-98,33,28
Aug-98,34,28
Aug-98,34,29
Aug-98,32,26
Aug-98,33,26
Aug-98,34,28
Aug-98,33,26
Aug-98,31,25
Sept-98,29,26
Sept-98,30,27
Sept-98,31,27
Sept-98,31,27
Sept-98,32,27
Sept-98,31,25
Sept-98,32,26
Sept-98,32,27
Sept-98,31,27
Sept-98,30,26
Sept-98,31,26
Sept-98,28,26
Sept-98,30,26
Sept-98,32,26
Sept-98,34,28
Sept-98,33,28
Sept-98,33,28
Sept-98,32,28
Sept-98,32,26
Sept-98,31,25
Sept-98,32,26
Sept-98,31,25
Sept-98,32,26
Sept-98,32,27
Sept-98,33,27
Sept-98,32,27
Sept-98,32,27
Sept-98,31,26
Sept-98,30,25
Sept-98,30,24
Oct-98,31,25
Oct-98,32,26
Oct-98,32,26
Oct-98,28,26
Oct-98,28,26
Oct-98,31,26
Oct-98,30,26
Oct-98,33,26
Oct-98,28,25
Oct-98,27,25
Oct-98,29,26
Oct-98,32,26
Oct-98,31,26
Oct-98,32,26
Oct-98,29,24
Oct-98,30,25
Oct-98,30,24
Oct-98,28,21
Oct-98,30,24
Oct-98,29,25
Oct-98,27,23
Oct-98,29,23
Oct-98,30,23
Oct-98,30,24
Oct-98,28,23
Oct-98,25,22
Oct-98,28,22
Oct-98,27,23
Oct-98,28,23
Oct-98,29,24
Oct-98,28,24
Nov-98,28,25
Nov-98,25,21
Nov-98,26,21
Nov-98,27,21
Nov-98,27,24
Nov-98,27,22
Nov-98,27,20
Nov-98,26,21
Nov-98,28,19
Nov-98,27,20
Nov-98,26,21
Nov-98,26,19
Nov-98,26,21
Nov-98,27,21
Nov-98,29,24
Nov-98,30,25
Nov-98,29,23
Nov-98,26,22
Nov-98,25,20
Nov-98,25,20
Nov-98,26,21
Nov-98,25,19
Nov-98,24,19
Nov-98,25,19
Nov-98,25,21
Nov-98,21,18
Nov-98,22,20
Nov-98,22,19
Nov-98,24,21
Nov-98,26,22
Dec-98,28,23
Dec-98,27,23
Dec-98,24,15
Dec-98,16,14
Dec-98,21,15
Dec-98,21,17
Dec-98,20,15
Dec-98,20,15
Dec-98,20,14
Dec-98,20,14
Dec-98,19,14
Dec-98,20,14
Dec-98,20,16
Dec-98,17,14
Dec-98,18,15
Dec-98,20,16
Dec-98,22,15
Dec-98,23,19
Dec-98,20,17
Dec-98,22,19
Dec-98,25,20
Dec-98,25,18
Dec-98,24,18
Dec-98,22,18
Dec-98,21,16
Dec-98,21,16
Dec-98,22,16
Dec-98,22,17
Dec-98,22,18
Dec-98,23,18
Dec-98,24,18
Jan-99,21,17
Jan-99,20,15
Jan-99,19,13
Jan-99,21,14
Jan-99,20,14
Jan-99,21,13
Jan-99,19,14
Jan-99,19,12
Jan-99,18,15
Jan-99,18,14
Jan-99,17,14
Jan-99,15,9
Jan-99,13,9
Jan-99,13,10
Jan-99,13,9
Jan-99,15,10
Jan-99,16,12
Jan-99,17,12
Jan-99,22,15
Jan-99,20,16
Jan-99,19,15
Jan-99,22,17
Jan-99,23,18
Jan-99,23,19
Jan-99,23,19
Jan-99,23,18
Jan-99,23,19
Jan-99,26,19
Jan-99,22,19
Jan-99,22,18
Jan-99,25,19
Feb-99,26,21
Feb-99,22,18
Feb-99,20,14
Feb-99,18,12
Feb-99,20,13
Feb-99,21,14
Feb-99,21,15
Feb-99,22,16
Feb-99,24,17
Feb-99,26,19
Feb-99,26,17
Feb-99,22,17
Feb-99,21,16
Feb-99,22,16
Feb-99,24,17
Feb-99,24,18
Feb-99,24,19
Feb-99,25,19
Feb-99,19,14
Feb-99,14,12
Feb-99,15,12
Feb-99,18,13
Feb-99,23,17
Feb-99,25,16
Feb-99,24,18
Feb-99,28,21
Feb-99,25,19
Feb-99,22,18
Mar-99,23,18
Mar-99,25,19
Mar-99,26,19
Mar-99,27,20
Mar-99,27,19
Mar-99,27,19
Mar-99,27,22
Mar-99,24,20
Mar-99,24,20
Mar-99,26,16
Mar-99,15,13
Mar-99,16,13
Mar-99,17,15
Mar-99,17,16
Mar-99,19,16
Mar-99,20,15
Mar-99,24,19
Mar-99,29,24
Mar-99,28,26
Mar-99,28,25
Mar-99,23,14
Mar-99,16,12
Mar-99,19,14
Mar-99,24,19
Mar-99,28,21
Mar-99,28,25
Mar-99,31,23
Mar-99,23,20
Mar-99,21,17
Mar-99,21,15
Mar-99,25,18
Apr-99,28,21
Apr-99,29,23
Apr-99,25,20
Apr-99,23,20
Apr-99,24,19
Apr-99,28,18
Apr-99,28,21
Apr-99,26,21
Apr-99,27,23
Apr-99,30,23
Apr-99,26,23
Apr-99,28,23
Apr-99,30,23
Apr-99,25,22
Apr-99,27,21
Apr-99,29,24
Apr-99,31,26
Apr-99,31,28
Apr-99,26,24
Apr-99,28,24
Apr-99,29,23
Apr-99,29,23
Apr-99,30,24
Apr-99,29,27
Apr-99,31,27
Apr-99,32,27
Apr-99,28,24
Apr-99,26,23
Apr-99,23,20
Apr-99,23,19
May-99,25,21
May-99,25,23
May-99,30,23
May-99,30,24
May-99,26,21
May-99,22,18
May-99,26,18
May-99,23,19
May-99,21,18
May-99,27,19
May-99,30,21
May-99,28,24
May-99,29,23
May-99,29,24
May-99,30,25
May-99,31,26
May-99,32,28
May-99,32,25
May-99,26,24
May-99,28,25
May-99,27,25
May-99,30,26
May-99,32,26
May-99,32,28
May-99,31,27
May-99,32,25
May-99,25,22
May-99,24,22
May-99,26,22
May-99,29,25
May-99,31,26
Jun-99,32,27
Jun-99,33,27
Jun-99,33,26
Jun-99,33,28
Jun-99,33,27
Jun-99,35,28
Jun-99,30,26
Jun-99,31,27
Jun-99,32,28
Jun-99,31,27
Jun-99,32,28
Jun-99,33,28
Jun-99,33,28
Jun-99,33,28
Jun-99,32,28
Jun-99,32,28
Jun-99,30,26
Jun-99,32,28
Jun-99,32,27
Jun-99,32,27
Jun-99,30,27
Jun-99,31,28
Jun-99,31,25
Jun-99,33,29
Jun-99,32,29
Jun-99,32,29
Jun-99,33,28
Jun-99,33,28
Jun-99,33,28
Jun-99,33,28
Jul-99,32,28
Jul-99,33,28
Jul-99,32,27
Jul-99,30,26
Jul-99,30,26
Jul-99,31,26
Jul-99,32,27
Jul-99,31,26
Jul-99,30,26
Jul-99,32,29
Jul-99,33,29
Jul-99,32,29
Jul-99,33,28
Jul-99,34,29
Jul-99,32,29
Jul-99,32,28
Jul-99,32,28
Jul-99,32,29
Jul-99,34,29
Jul-99,34,29
Jul-99,34,29
Jul-99,34,29
Jul-99,31,29
Jul-99,34,28
Jul-99,35,29
Jul-99,33,27
Jul-99,31,26
Jul-99,33,27
Jul-99,33,28
Jul-99,34,29
Jul-99,34,29
Aug-99,34,28
Aug-99,34,27
Aug-99,32,28
Aug-99,33,28
Aug-99,32,26
Aug-99,33,26
Aug-99,33,29
Aug-99,33,26
Aug-99,31,27
Aug-99,31,26
Aug-99,30,26
Aug-99,29,27
Aug-99,29,27
Aug-99,32,27
Aug-99,32,28
Aug-99,33,28
Aug-99,33,28
Aug-99,33,27
Aug-99,34,27
Aug-99,35,27
Aug-99,36,27
Aug-99,29,25
Aug-99,26,25
Aug-99,28,24
Aug-99,28,25
Aug-99,31,26
Aug-99,31,27
Aug-99,29,27
Aug-99,30,27
Aug-99,32,28
Aug-99,31,27
Sept-99,32,26
Sept-99,32,27
Sept-99,31,27
Sept-99,33,28
Sept-99,32,28
Sept-99,33,28
Sept-99,33,28
Sept-99,32,27
Sept-99,31,27
Sept-99,32,27
Sept-99,33,27
Sept-99,34,28
Sept-99,34,29
Sept-99,34,28
Sept-99,32,28
Sept-99,28,24
Sept-99,28,24
Sept-99,32,27
Sept-99,31,27
Sept-99,30,26
Sept-99,29,26
Sept-99,29,24
Sept-99,29,23
Sept-99,31,23
Sept-99,28,25
Sept-99,26,23
Sept-99,29,25
Sept-99,29,26
Sept-99,30,26
Sept-99,31,26
Oct-99,30,27
Oct-99,31,26
Oct-99,32,25
Oct-99,28,24
Oct-99,29,24
Oct-99,29,25
Oct-99,30,25
Oct-99,29,25
Oct-99,28,26
Oct-99,32,25
Oct-99,31,26
Oct-99,31,27
Oct-99,31,27
Oct-99,33,27
Oct-99,31,27
Oct-99,32,25
Oct-99,27,22
Oct-99,26,20
Oct-99,26,22
Oct-99,29,23
Oct-99,29,25
Oct-99,29,25
Oct-99,29,25
Oct-99,28,22
Oct-99,29,24
Oct-99,29,24
Oct-99,29,24
Oct-99,29,24
Oct-99,29,24
Oct-99,27,25
Oct-99,29,25
Nov-99,28,21
Nov-99,24,18
Nov-99,25,18
Nov-99,26,20
Nov-99,28,23
Nov-99,27,24
Nov-99,29,24
Nov-99,28,23
Nov-99,25,22
Nov-99,27,23
Nov-99,27,23
Nov-99,25,21
Nov-99,25,22
Nov-99,26,22
Nov-99,27,21
Nov-99,25,19
Nov-99,23,18
Nov-99,21,16
Nov-99,23,19
Nov-99,24,19
Nov-99,25,20
Nov-99,26,22
Nov-99,29,20
Nov-99,28,21
Nov-99,28,20
Nov-99,26,21
Nov-99,26,21
Nov-99,24,14
Nov-99,18,12
Nov-99,20,14
Dec-99,22,17
Dec-99,23,17
Dec-99,20,16
Dec-99,19,16
Dec-99,20,17
Dec-99,18,14
Dec-99,19,15
Dec-99,20,14
Dec-99,21,15
Dec-99,22,15
Dec-99,23,16
Dec-99,21,19
Dec-99,23,19
Dec-99,23,19
Dec-99,21,17
Dec-99,20,16
Dec-99,17,15
Dec-99,16,13
Dec-99,17,13
Dec-99,15,10
Dec-99,14,7
Dec-99,11,6
Dec-99,12,5
Dec-99,16,7
Dec-99,16,9
Dec-99,18,10
Dec-99,19,15
Dec-99,22,16
Dec-99,19,14
Dec-99,23,14
Dec-99,24,14
Jan-00,23,14
Jan-00,24,16
Jan-00,24,18
Jan-00,23,18
Jan-00,25,19
Jan-00,25,18
Jan-00,21,18
Jan-00,22,17
Jan-00,22,18
Jan-00,24,18
Jan-00,22,19
Jan-00,24,19
Jan-00,20,17
Jan-00,20,18
Jan-00,23,18
Jan-00,23,18
Jan-00,18,13
Jan-00,13,11
Jan-00,15,9
Jan-00,18,11
Jan-00,17,14
Jan-00,20,17
Jan-00,20,16
Jan-00,19,18
Jan-00,17,10
Jan-00,11,8
Jan-00,13,7
Jan-00,16,8
Jan-00,17,13
Jan-00,18,10
Jan-00,14,10
Feb-00,12,8
Feb-00,14,8
Feb-00,16,12
Feb-00,18,15
Feb-00,21,15
Feb-00,18,13
Feb-00,19,13
Feb-00,17,12
Feb-00,19,14
Feb-00,20,14
Feb-00,22,18
Feb-00,22,16
Feb-00,23,17
Feb-00,22,16
Feb-00,20,16
Feb-00,20,15
Feb-00,19,16
Feb-00,21,17
Feb-00,24,19
Feb-00,25,16
Feb-00,16,13
Feb-00,16,14
Feb-00,15,15
Mar-00,22,22
Mar-00,28,20
Mar-00,26,19
Mar-00,27,22
Apr-00,29,24
Apr-00,26,22
Apr-00,26,21
Apr-00,23,20
Apr-00,24,21
Apr-00,22,20
Apr-00,23,20
Apr-00,25,21
Apr-00,27,21
Apr-00,26,23
Apr-00,24,21
Apr-00,26,21
Apr-00,25,23
Apr-00,27,22
Apr-00,25,22
Apr-00,26,19
Apr-00,26,20
Apr-00,29,22
Apr-00,28,24
Apr-00,27,27
Apr-00,28,24
Apr-00,25,24
Apr-00,25,25
Apr-00,22,22
Apr-00,27,27
May-00,32,27
May-00,28,25
May-00,25,25
May-00,28,22
May-00,30,23
May-00,30,24
May-00,30,24
May-00,28,25
May-00,29,25
May-00,26,24
May-00,29,24
May-00,30,25
May-00,31,25
May-00,30,25
May-00,33,27
May-00,33,25
May-00,32,26
May-00,30,26
May-00,26,22
May-00,30,22
May-00,28,25
May-00,31,25
May-00,29,25
May-00,28,25
May-00,31,26
May-00,32,28
May-00,32,28
May-00,32,27
May-00,32,28
May-00,33,28
May-00,32,28
Jun-00,30,29
Jun-00,33,33
Jun-00,32,30
Jun-00,30,23
Jun-00,25,22
Jun-00,29,23
Jun-00,30,25
Jun-00,31,24
Jun-00,29,25
Jun-00,28,25
Jun-00,31,25
Jun-00,29,26
Jun-00,32,28
Jun-00,32,27
Jun-00,32,28
Jun-00,32,29
Jun-00,31,27
Jun-00,32,28
Jun-00,33,28
Jun-00,34,27
Jun-00,34,27
Jun-00,34,28
Jul-00,34,27
Jul-00,34,28
Jul-00,33,25
Jul-00,33,27
Jul-00,32,29
Jul-00,31,28
Jul-00,33,27
Jul-00,33,28
Jul-00,33,27
Jul-00,34,27
Jul-00,32,28
Jul-00,33,28
Jul-00,34,28
Jul-00,33,29
Jul-00,34,28
Jul-00,32,27
Jul-00,29,26
Jul-00,29,26
Jul-00,29,26
Jul-00,29,26
Jul-00,29,27
Jul-00,32,27
Jul-00,32,26
Jul-00,33,28
Jul-00,34,28
Jul-00,34,29
Jul-00,34,29
Jul-00,34,29
Jul-00,35,29
Jul-00,34,29
Jul-00,34,29
Aug-00,29,26
Aug-00,29,25
Aug-00,29,25
Aug-00,29,25
Aug-00,28,26
Aug-00,31,26
Aug-00,32,26
Aug-00,32,26
Aug-00,33,27
Aug-00,34,28
Aug-00,35,29
Aug-00,30,29
Aug-00,28,26
Sept-00,31,26
Sept-00,30,26
Sept-00,33,27
Sept-00,33,27
Sept-00,33,27
Sept-00,32,27
Sept-00,33,27
Sept-00,30,27
Sept-00,32,26
Sept-00,30,24
Sept-00,31,24
Sept-00,32,26
Sept-00,30,25
Sept-00,30,25
Sept-00,31,25
Sept-00,31,25
Sept-00,31,25
Sept-00,31,26
Sept-00,32,26
Sept-00,29,25
Sept-00,32,27
Sept-00,32,26
Sept-00,32,27
Sept-00,31,26
Sept-00,32,26
Sept-00,32,27
Sept-00,32,27
Sept-00,32,27
Sept-00,31,27
Sept-00,31,26
Oct-00,32,26
Oct-00,33,26
Oct-00,32,26
Oct-00,31,26
Oct-00,32,27
Oct-00,30,27
Oct-00,31,27
Oct-00,33,26
Oct-00,33,27
Oct-00,33,27
Oct-00,32,28
Oct-00,30,26
Oct-00,27,21
Oct-00,22,20
Oct-00,25,20
Oct-00,28,21
Oct-00,29,22
Oct-00,27,24
Oct-00,26,22
Oct-00,26,24
Oct-00,27,25
Oct-00,30,26
Oct-00,31,27
Oct-00,31,25
Oct-00,31,27
Oct-00,30,27
Oct-00,30,25
Oct-00,28,25
Oct-00,27,21
Oct-00,24,19
Oct-00,24,19
Nov-00,25,19
Nov-00,23,17
Nov-00,24,16
Nov-00,24,21
Nov-00,26,21
Nov-00,26,22
Nov-00,25,22
Nov-00,27,24
Nov-00,25,23
Nov-00,26,22
Nov-00,24,17
Nov-00,17,14
Nov-00,20,13
Nov-00,24,19
Nov-00,27,21
Nov-00,24,18
Nov-00,20,17
Nov-00,23,17
Nov-00,22,19
Nov-00,20,14
Nov-00,17,14
Nov-00,20,14
Nov-00,22,16
Nov-00,25,21
Nov-00,28,21
Nov-00,26,22
Nov-00,28,21
Nov-00,25,22
Nov-00,25,20
Nov-00,27,20
Dec-00,26,20
Dec-00,25,20
Dec-00,21,17
Dec-00,20,15
Dec-00,22,17
Dec-00,24,19
Dec-00,25,19
Dec-00,25,20
Dec-00,25,19
Dec-00,26,19
Dec-00,24,19
Dec-00,18,14
Dec-00,13,11
Dec-00,18,12
Dec-00,20,14
Dec-00,23,18
Dec-00,24,20
Dec-00,24,19
Dec-00,23,21
Dec-00,23,18
Dec-00,17,12
Dec-00,17,12
Dec-00,19,12
Dec-00,22,14
Dec-00,23,15
Dec-00,23,17
Dec-00,23,19
Dec-00,24,17
Dec-00,21,17
Dec-00,20,15
Dec-00,20,13
Jan-01,21,12
Jan-01,22,16
Jan-01,23,18
Jan-01,21,18
Jan-01,23,18
Jan-01,23,19
Jan-01,24,17
Jan-01,24,17
Jan-01,22,14
Jan-01,16,12
Jan-01,17,13
Jan-01,22,17
Jan-01,19,15
Jan-01,20,13
Jan-01,16,12
Jan-01,18,13
Jan-01,20,15
Jan-01,25,16
Jan-01,25,19
Jan-01,25,17
Jan-01,22,19
Jan-01,25,19
Jan-01,23,18
Jan-01,22,18
Jan-01,25,15
Jan-01,14,11
Jan-01,13,10
Jan-01,13,10
Jan-01,16,12
Jan-01,18,15
Jan-01,20,16
Feb-01,18,14
Feb-01,14,11
Feb-01,16,13
Feb-01,15,13
Feb-01,19,15
Feb-01,24,17
Feb-01,22,17
Feb-01,16,14
Feb-01,17,14
Feb-01,16,13
Feb-01,21,14
Feb-01,24,16
Feb-01,21,15
Feb-01,16,10
Feb-01,19,12
Feb-01,20,15
Feb-01,21,15
Feb-01,24,17
Feb-01,25,16
Feb-01,26,18
Feb-01,25,19
Feb-01,26,18
Feb-01,27,18
Feb-01,26,19
Feb-01,20,12
Feb-01,17,12
Feb-01,21,17
Feb-01,18,17
Mar-01,21,14
Mar-01,21,17
Mar-01,23,18
Mar-01,24,17
Mar-01,24,17
Mar-01,26,20
Mar-01,25,19
Mar-01,19,15
Mar-01,20,15
Mar-01,19,18
Mar-01,19,17
Mar-01,21,16
Mar-01,22,17
Mar-01,26,19
Mar-01,26,20
Mar-01,27,22
Mar-01,28,22
Mar-01,25,21
Mar-01,28,20
Mar-01,27,22
Mar-01,26,20
Mar-01,27,21
Mar-01,28,23
Mar-01,29,25
Mar-01,27,21
Mar-01,21,19
Mar-01,21,20
Mar-01,24,19
Mar-01,22,18
Mar-01,25,18
Mar-01,25,21
Apr-01,23,20
Apr-01,27,21
Apr-01,29,22
Apr-01,25,19
Apr-01,23,19
Apr-01,23,20
Apr-01,24,20
Apr-01,28,23
Apr-01,27,23
Apr-01,24,22
Apr-01,23,15
Apr-01,22,15
Apr-01,22,19
Apr-01,22,20
Apr-01,27,20
Apr-01,27,21
Apr-01,27,23
Apr-01,28,23
Apr-01,26,22
Apr-01,30,25
Apr-01,28,24
Apr-01,24,21
Apr-01,23,20
Apr-01,26,21
Apr-01,22,20
Apr-01,27,21
Apr-01,27,22
Apr-01,30,24
Apr-01,32,26
Apr-01,33,26
May-01,28,24
May-01,27,24
May-01,26,24
May-01,29,24
May-01,31,25
May-01,32,27
May-01,32,28
May-01,32,27
May-01,32,23
May-01,27,23
May-01,28,24
May-01,29,24
May-01,30,23
May-01,30,25
May-01,31,26
May-01,30,26
May-01,28,26
May-01,29,25
May-01,29,26
May-01,32,27
May-01,32,25
May-01,30,26
May-01,31,26
May-01,31,26
May-01,31,27
May-01,33,27
May-01,32,26
May-01,31,27
May-01,31,27
May-01,30,25
May-01,31,25
Jun-01,30,26
Jun-01,29,26
Jun-01,31,26
Jun-01,33,28
Jun-01,32,25
Jun-01,30,26
Jun-01,28,24
Jun-01,28,25
Jun-01,28,25
Jun-01,32,28
Jun-01,28,24
Jun-01,31,25
Jun-01,32,24
Jun-01,29,25
Jun-01,31,26
Jun-01,31,26
Jun-01,32,27
Jun-01,32,28
Jun-01,34,28
Jun-01,33,29
Jun-01,33,29
Jun-01,34,28
Jun-01,35,27
Jun-01,32,27
Jun-01,30,26
Jun-01,29,26
Jun-01,29,25
Jun-01,32,27
Jun-01,33,28
Jun-01,32,26
Jul-01,30,27
Jul-01,30,27
Jul-01,32,28
Jul-01,33,25
Jul-01,34,27
Jul-01,28,26
Jul-01,30,28
Jul-01,32,27
Jul-01,33,27
Jul-01,33,27
Jul-01,33,28
Jul-01,32,29
Jul-01,30,25
Jul-01,31,28
Jul-01,29,24
Jul-01,32,26
Jul-01,29,24
Jul-01,31,25
Jul-01,30,27
Jul-01,31,27
Jul-01,30,25
Jul-01,31,27
Jul-01,33,27
Jul-01,33,26
Jul-01,29,26
Jul-01,29,27
Jul-01,32,27
Jul-01,32,27
Jul-01,33,27
Jul-01,33,29
Jul-01,34,29
Aug-01,32,27
Aug-01,32,25
Aug-01,32,26
Aug-01,33,27
Aug-01,34,28
Aug-01,34,28
Aug-01,35,29
Aug-01,35,29
Aug-01,35,29
Aug-01,34,29
Aug-01,32,27
Aug-01,32,27
Aug-01,32,27
Aug-01,32,28
Aug-01,34,28
Aug-01,32,26
Aug-01,33,26
Aug-01,32,28
Aug-01,32,28
Aug-01,33,27
Aug-01,34,28
Aug-01,35,28
Aug-01,35,29
Aug-01,35,29
Aug-01,34,29
Aug-01,33,29
Aug-01,33,27
Aug-01,29,27
Aug-01,28,26
Aug-01,29,26
Aug-01,31,29
Sept-01,29,26
Sept-01,29,26
Sept-01,28,26
Sept-01,31,27
Sept-01,27,25
Sept-01,31,26
Sept-01,30,26
Sept-01,33,26
Sept-01,31,27
Sept-01,30,27
Sept-01,31,27
Sept-01,32,27
Sept-01,32,26
Sept-01,33,26
Sept-01,33,26
Sept-01,34,26
Sept-01,34,27
Sept-01,34,27
Sept-01,34,28
Sept-01,32,25
Sept-01,29,26
Sept-01,31,27
Sept-01,33,27
Sept-01,32,27
Sept-01,32,28
Sept-01,31,28
Sept-01,31,27
Sept-01,32,27
Sept-01,31,26
Sept-01,33,27
Oct-01,33,27
Oct-01,31,27
Oct-01,31,27
Oct-01,29,25
Oct-01,29,25
Oct-01,30,26
Oct-01,31,26
Oct-01,31,26
Oct-01,29,25
Oct-01,29,24
Oct-01,30,25
Oct-01,29,25
Oct-01,29,25
Oct-01,29,25
Oct-01,30,24
Oct-01,30,24
Oct-01,30,24
Oct-01,28,24
Oct-01,29,25
Oct-01,29,24
Oct-01,27,24
Oct-01,31,25
Oct-01,28,25
Oct-01,30,25
Oct-01,29,25
Oct-01,30,25
Oct-01,29,24
Oct-01,28,25
Oct-01,26,21
Oct-01,28,22
Oct-01,29,24
Nov-01,30,24
Nov-01,30,25
Nov-01,29,25
Nov-01,27,25
Nov-01,29,24
Nov-01,24,21
Nov-01,26,21
Nov-01,26,21
Nov-01,26,20
Nov-01,25,19
Nov-01,26,20
Nov-01,25,20
Nov-01,23,18
Nov-01,22,14
Nov-01,20,13
Nov-01,23,13
Nov-01,24,14
Nov-01,24,16
Nov-01,24,15
Nov-01,23,16
Nov-01,23,16
Nov-01,23,15
Nov-01,23,17
Nov-01,23,16
Nov-01,24,15
Nov-01,26,19
Nov-01,24,19
Nov-01,24,20
Nov-01,26,22
Nov-01,26,21
Dec-01,26,22
Dec-01,26,22
Dec-01,26,21
Dec-01,29,22
Dec-01,26,22
Dec-01,23,18
Dec-01,21,16
Dec-01,21,18
Dec-01,21,18
Dec-01,20,18
Dec-01,22,17
Dec-01,25,20
Dec-01,19,15
Dec-01,16,12
Dec-01,20,15
Dec-01,21,19
Dec-01,21,17
Dec-01,17,13
Dec-01,18,13
Dec-01,20,15
Dec-01,17,11
Dec-01,15,8
Dec-01,18,10
Dec-01,19,10
Dec-01,21,11
Dec-01,18,13
Dec-01,18,15
Dec-01,17,13
Dec-01,17,12
Dec-01,20,12
Dec-01,21,14
Jan-02,21,16
Jan-02,19,12
Jan-02,20,12
Jan-02,22,13
Jan-02,22,15
Jan-02,23,14
Jan-02,22,17
Jan-02,21,16
Jan-02,21,15
Jan-02,22,16
Jan-02,23,17
Jan-02,26,19
Jan-02,22,20
Jan-02,22,19
Jan-02,25,20
Jan-02,26,17
Jan-02,25,18
Jan-02,18,15
Jan-02,15,12
Jan-02,17,8
Jan-02,16,11
Jan-02,19,14
Jan-02,18,16
Jan-02,18,13
Jan-02,14,12
Jan-02,12,10
Jan-02,12,10
Jan-02,16,11
Jan-02,18,14
Jan-02,20,14
Feb-02,17,12
Feb-02,15,9
Feb-02,17,15
Feb-02,19,16
Feb-02,17,14
Feb-02,18,15
Feb-02,20,17
Feb-02,22,17
Feb-02,23,17
Feb-02,19,17
Feb-02,19,15
Feb-02,21,15
Feb-02,23,15
Feb-02,25,18
Feb-02,21,17
Feb-02,22,17
Feb-02,24,17
Feb-02,24,18
Feb-02,23,18
Feb-02,21,16
Feb-02,24,17
Feb-02,25,18
Feb-02,24,18
Feb-02,23,19
Feb-02,23,18
Feb-02,25,18
Feb-02,26,20
Feb-02,25,18
Mar-02,27,21
Mar-02,25,21
Mar-02,24,19
Mar-02,24,20
Mar-02,26,17
Mar-02,20,14
Mar-02,22,15
Mar-02,24,17
Mar-02,24,20
Mar-02,26,19
Mar-02,26,20
Mar-02,26,21
Mar-02,25,22
Mar-02,25,21
Mar-02,27,23
Mar-02,26,21
Mar-02,24,20
Mar-02,23,19
Mar-02,25,20
Mar-02,26,20
Mar-02,28,20
Mar-02,26,22
Mar-02,24,20
Mar-02,22,19
Mar-02,24,20
Mar-02,24,22
Mar-02,27,22
Mar-02,26,23
Mar-02,28,21
Mar-02,25,21
Mar-02,23,22
Apr-02,29,22
Apr-02,30,23
Apr-02,30,25
Apr-02,28,24
Apr-02,29,25
Apr-02,29,23
Apr-02,29,25
Apr-02,29,25
Apr-02,29,24
Apr-02,25,20
Apr-02,20,17
Apr-02,22,17
Apr-02,28,19
Apr-02,28,21
Apr-02,29,24
Apr-02,29,25
Apr-02,30,24
Apr-02,28,24
Apr-02,28,23
Apr-02,31,24
Apr-02,30,23
Apr-02,30,24
Apr-02,33,27
Apr-02,33,25
Apr-02,27,25
Apr-02,27,23
Apr-02,28,23
Apr-02,29,24
Apr-02,31,25
Apr-02,31,26
May-02,31,25
May-02,33,26
May-02,32,26
May-02,32,26
May-02,32,26
May-02,32,26
May-02,32,26
May-02,31,26
May-02,30,26
May-02,31,26
May-02,30,24
May-02,31,27
May-02,30,27
May-02,32,24
May-02,29,24
May-02,30,24
May-02,28,23
May-02,28,24
May-02,30,25
May-02,30,26
May-02,32,29
May-02,32,26
May-02,30,26
May-02,29,26
May-02,30,24
May-02,31,24
May-02,32,25
May-02,32,26
May-02,32,26
May-02,34,25
May-02,32,26
Jun-02,32,26
Jun-02,30,24
Jun-02,30,27
Jun-02,31,27
Jun-02,32,27
Jun-02,32,26
Jun-02,32,27
Jun-02,33,27
Jun-02,30,25
Jun-02,32,26
Jun-02,29,25
Jun-02,32,26
Jun-02,32,28
Jun-02,32,28
Jun-02,32,29
Jun-02,32,29
Jun-02,33,28
Jun-02,32,29
Jun-02,33,29
Jun-02,31,28
Jun-02,33,29
Jun-02,33,29
Jun-02,32,28
Jun-02,34,29
Jun-02,34,29
Jun-02,34,29
Jun-02,35,29
Jun-02,33,27
Jun-02,34,29
Jun-02,33,29
Jul-02,32,28
Jul-02,32,25
Jul-02,33,27
Jul-02,33,28
Jul-02,34,27
Jul-02,32,27
Jul-02,31,27
Jul-02,32,26
Jul-02,32,27
Jul-02,34,27
Jul-02,34,28
Jul-02,34,28
Jul-02,34,29
Jul-02,34,28
Jul-02,35,29
Jul-02,30,27
Jul-02,32,27
Jul-02,32,29
Jul-02,31,29
Jul-02,32,29
Jul-02,33,28
Jul-02,31,27
Jul-02,31,27
Jul-02,32,27
Jul-02,33,28
Jul-02,31,27
Jul-02,29,27
Jul-02,31,26
Jul-02,30,24
Jul-02,30,27
Jul-02,30,26
Aug-02,34,26
Aug-02,31,24
Aug-02,31,26
Aug-02,31,27
Aug-02,30,26
Aug-02,29,25
Aug-02,32,28
Aug-02,30,26
Aug-02,29,24
Aug-02,30,25
Aug-02,32,27
Aug-02,32,27
Aug-02,32,27
Aug-02,33,27
Aug-02,34,27
Aug-02,34,28
Aug-02,34,29
Aug-02,29,26
Aug-02,30,26
Aug-02,31,27
Aug-02,32,28
Aug-02,32,26
Aug-02,33,27
Aug-02,33,27
Aug-02,33,28
Aug-02,34,28
Aug-02,34,28
Aug-02,34,27
Aug-02,35,27
Aug-02,34,29
Aug-02,34,28
Sept-02,34,27
Sept-02,33,28
Sept-02,32,26
Sept-02,32,25
Sept-02,34,26
Sept-02,33,27
Sept-02,33,27
Sept-02,31,26
Sept-02,32,25
Sept-02,32,27
Sept-02,28,25
Sept-02,28,24
Sept-02,30,26
Sept-02,28,26
Sept-02,27,24
Sept-02,28,23
Sept-02,26,23
Sept-02,32,25
Sept-02,33,27
Sept-02,32,27
Sept-02,31,27
Sept-02,28,24
Sept-02,29,25
Sept-02,28,23
Sept-02,26,24
Sept-02,30,26
Sept-02,31,26
Sept-02,31,27
Sept-02,28,25
Sept-02,28,25
Oct-02,26,24
Oct-02,29,24
Oct-02,30,26
Oct-02,31,26
Oct-02,31,26
Oct-02,27,24
Oct-02,26,24
Oct-02,29,22
Oct-02,27,20
Oct-02,28,21
Oct-02,29,23
Oct-02,30,25
Oct-02,30,26
Oct-02,31,25
Oct-02,31,24
Oct-02,30,25
Oct-02,29,26
Oct-02,31,26
Oct-02,31,26
Oct-02,31,26
Oct-02,28,22
Oct-02,23,20
Oct-02,21,19
Oct-02,24,18
Oct-02,29,22
Oct-02,28,24
Oct-02,26,22
Oct-02,26,24
Oct-02,27,25
Oct-02,25,21
Oct-02,24,21
Nov-02,26,21
Nov-02,24,20
Nov-02,25,18
Nov-02,23,18
Nov-02,25,17
Nov-02,25,20
Nov-02,27,19
Nov-02,27,20
Nov-02,26,21
Nov-02,27,21
Nov-02,27,23
Nov-02,28,22
Nov-02,29,22
Nov-02,28,23
Nov-02,29,21
Nov-02,21,18
Nov-02,22,17
Nov-02,22,19
Nov-02,22,18
Nov-02,23,19
Nov-02,24,21
Nov-02,22,17
Nov-02,22,17
Nov-02,24,18
Nov-02,21,16
Nov-02,21,16
Nov-02,21,18
Nov-02,20,15
Nov-02,23,18
Nov-02,22,20
Dec-02,23,20
Dec-02,24,21
Dec-02,28,22
Dec-02,25,21
Dec-02,27,23
Dec-02,29,23
Dec-02,29,24
Dec-02,21,12
Dec-02,16,10
Dec-02,19,13
Dec-02,18,13
Dec-02,20,12
Dec-02,19,12
Dec-02,21,16
Dec-02,24,18
Dec-02,25,20
Dec-02,24,20
Dec-02,24,21
Dec-02,26,20
Dec-02,21,18
Dec-02,21,17
Dec-02,20,16
Dec-02,21,17
Dec-02,20,16
Dec-02,19,15
Dec-02,15,7
Dec-02,8,6
Dec-02,13,7
Dec-02,15,11
Dec-02,17,13
Dec-02,16,12
Jan-03,17,14
Jan-03,19,16
Jan-03,18,11
Jan-03,19,11
Jan-03,18,13
Jan-03,15,7
Jan-03,13,8
Jan-03,17,8
Jan-03,17,10
Jan-03,16,12
Jan-03,17,11
Jan-03,18,10
Jan-03,20,10
Jan-03,21,12
Jan-03,21,16
Jan-03,19,15
Jan-03,22,13
Jan-03,24,14
Jan-03,23,14
Jan-03,22,17
Jan-03,21,16
Jan-03,21,14
Jan-03,20,17
Jan-03,18,16
Jan-03,23,17
Jan-03,25,19
Jan-03,21,12
Jan-03,16,11
Jan-03,19,12
Jan-03,19,16
Jan-03,22,17
Feb-03,22,16
Feb-03,17,14
Feb-03,16,14
Feb-03,18,12
Feb-03,18,12
Feb-03,19,13
Feb-03,18,16
Feb-03,21,16
Feb-03,23,18
Feb-03,24,18
Feb-03,24,17
Feb-03,19,14
Feb-03,18,14
Feb-03,20,17
Feb-03,26,19
Feb-03,25,20
Feb-03,21,18
Feb-03,23,18
Feb-03,25,18
Feb-03,21,17
Feb-03,24,18
Feb-03,27,20
Feb-03,25,19
Feb-03,26,20
Feb-03,23,18
Feb-03,27,20
Feb-03,27,19
Feb-03,25,20
Mar-03,26,20
Mar-03,26,21
Mar-03,25,22
Mar-03,24,19
Mar-03,25,18
Mar-03,24,12
Mar-03,16,10
Mar-03,17,12
Mar-03,17,15
Mar-03,19,13
Mar-03,21,15
Mar-03,22,17
Mar-03,25,18
Mar-03,22,17
Mar-03,23,20
Mar-03,27,21
Mar-03,28,22
Mar-03,24,19
Mar-03,19,16
Mar-03,16,14
Mar-03,20,14
Mar-03,21,17
Mar-03,20,18
Mar-03,22,17
Mar-03,25,18
Mar-03,25,20
Mar-03,27,21
Mar-03,24,20
Mar-03,25,20
Mar-03,25,21
Mar-03,28,22
Apr-03,28,24
Apr-03,28,26
Apr-03,28,24
Apr-03,28,21
Apr-03,22,19
Apr-03,21,19
Apr-03,25,20
Apr-03,26,20
Apr-03,23,19
Apr-03,22,19
Apr-03,27,22
Apr-03,29,26
Apr-03,29,26
Apr-03,27,21
Apr-03,23,21
Apr-03,25,21
Apr-03,29,22
Apr-03,30,24
Apr-03,30,25
Apr-03,31,24
Apr-03,30,25
Apr-03,28,23
Apr-03,30,23
Apr-03,31,24
Apr-03,29,26
Apr-03,32,25
Apr-03,30,24
Apr-03,30,24
Apr-03,31,25
Apr-03,30,24
May-03,28,23
May-03,28,24
May-03,27,24
May-03,28,23
May-03,28,22
May-03,31,28
May-03,31,28
May-03,32,28
May-03,29,26
May-03,30,25
May-03,30,25
May-03,31,26
May-03,32,26
May-03,32,27
May-03,33,27
May-03,32,29
May-03,33,29
May-03,29,24
May-03,29,23
May-03,31,26
May-03,33,27
May-03,32,27
May-03,32,27
May-03,33,27
May-03,32,26
May-03,33,27
May-03,31,27
May-03,28,26
May-03,29,25
May-03,32,27
May-03,33,26
Jun-03,32,26
Jun-03,32,25
Jun-03,31,25
Jun-03,31,27
Jun-03,32,26
Jun-03,32,27
Jun-03,29,25
Jun-03,31,26
Jun-03,28,26
Jun-03,29,25
Jun-03,28,24
Jun-03,29,25
Jun-03,30,24
Jun-03,29,25
Jun-03,29,25
Jun-03,29,25
Jun-03,31,26
Jun-03,33,26
Jun-03,34,27
Jun-03,32,27
Jun-03,30,26
Jun-03,31,27
Jun-03,32,28
Jun-03,33,28
Jun-03,32,29
Jun-03,33,29
Jun-03,31,29
Jun-03,32,26
Jun-03,32,29
Jun-03,32,27
Jul-03,33,28
Jul-03,33,28
Jul-03,35,27
Jul-03,34,27
Jul-03,34,28
Jul-03,33,28
Jul-03,34,29
Jul-03,34,29
Jul-03,33,29
Jul-03,33,28
Jul-03,33,27
Jul-03,33,28
Jul-03,34,29
Jul-03,35,29
Jul-03,35,29
Jul-03,35,29
Jul-03,35,29
Jul-03,34,29
Jul-03,34,28
Jul-03,34,29
Jul-03,33,27
Jul-03,35,28
Jul-03,35,27
Jul-03,31,27
Jul-03,30,27
Jul-03,32,28
Jul-03,33,27
Jul-03,33,28
Jul-03,32,27
Jul-03,33,27
Jul-03,34,28
Aug-03,34,28
Aug-03,34,29
Aug-03,35,28
Aug-03,35,25
Aug-03,32,26
Aug-03,31,27
Aug-03,31,28
Aug-03,33,28
Aug-03,34,29
Aug-03,34,28
Aug-03,33,29
Aug-03,33,27
Aug-03,33,28
Aug-03,31,28
Aug-03,33,29
Aug-03,30,27
Aug-03,32,27
Aug-03,33,27
Aug-03,33,27
Aug-03,32,26
Aug-03,29,25
Aug-03,31,25
Aug-03,33,28
Aug-03,33,26
Aug-03,29,26
Aug-03,30,28
Aug-03,32,28
Aug-03,32,26
Aug-03,32,26
Aug-03,33,27
Aug-03,34,27
Sept-03,34,28
Sept-03,30,25
Sept-03,29,25
Sept-03,29,27
Sept-03,32,27
Sept-03,29,26
Sept-03,31,26
Sept-03,31,26
Sept-03,33,27
Sept-03,33,26
Sept-03,32,27
Sept-03,33,27
Sept-03,33,28
Sept-03,29,26
Sept-03,28,25
Sept-03,31,27
Sept-03,32,27
Sept-03,33,26
Sept-03,33,28
Sept-03,34,27
Sept-03,32,27
Sept-03,27,23
Sept-03,29,24
Sept-03,30,25
Sept-03,33,26
Sept-03,32,27
Sept-03,32,27
Sept-03,33,27
Sept-03,32,28
Sept-03,32,27
Oct-03,32,27
Oct-03,31,26
Oct-03,32,27
Oct-03,31,25
Oct-03,31,25
Oct-03,29,25
Oct-03,28,23
Oct-03,29,24
Oct-03,32,27
Oct-03,30,27
Oct-03,29,26
Oct-03,31,26
Oct-03,31,24
Oct-03,24,21
Oct-03,24,20
Oct-03,27,22
Oct-03,28,23
Oct-03,29,22
Oct-03,27,23
Oct-03,28,23
Oct-03,28,21
Oct-03,28,22
Oct-03,29,22
Oct-03,27,22
Oct-03,30,21
Oct-03,29,23
Oct-03,29,23
Oct-03,29,22
Oct-03,29,24
Oct-03,27,23
Oct-03,27,22
Nov-03,28,21
Nov-03,30,22
Nov-03,33,23
Nov-03,28,24
Nov-03,28,23
Nov-03,29,22
Nov-03,29,24
Nov-03,26,24
Nov-03,25,22
Nov-03,23,17
Nov-03,21,16
Nov-03,21,14
Nov-03,23,16
Nov-03,26,22
Nov-03,27,20
Nov-03,27,24
Nov-03,24,21
Nov-03,25,22
Nov-03,27,23
Nov-03,28,24
Nov-03,25,19
Nov-03,21,18
Nov-03,25,19
Nov-03,27,20
Nov-03,26,20
Nov-03,25,20
Nov-03,23,19
Nov-03,22,16
Nov-03,20,14
Nov-03,18,13
Dec-03,21,15
Dec-03,22,15
Dec-03,23,16
Dec-03,24,18
Dec-03,25,19
Dec-03,27,20
Dec-03,23,17
Dec-03,21,16
Dec-03,20,17
Dec-03,18,15
Dec-03,20,15
Dec-03,19,13
Dec-03,19,12
Dec-03,19,13
Dec-03,18,13
Dec-03,19,14
Dec-03,21,14
Dec-03,21,15
Dec-03,17,12
Dec-03,16,10
Dec-03,18,11
Dec-03,20,13
Dec-03,21,14
Dec-03,23,15
Dec-03,23,15
Dec-03,22,17
Dec-03,18,13
Dec-03,20,13
Dec-03,21,14
Dec-03,23,16
Dec-03,23,15
Jan-04,22,17
Jan-04,22,17
Jan-04,23,17
Jan-04,24,18
Jan-04,23,19
Jan-04,23,17
Jan-04,23,17
Jan-04,23,18
Jan-04,24,18
Jan-04,21,19
Jan-04,20,16
Jan-04,17,14
Jan-04,16,10
Jan-04,20,15
Jan-04,22,16
Jan-04,22,16
Jan-04,18,12
Jan-04,17,14
Jan-04,13,9
Jan-04,10,8
Jan-04,13,7
Jan-04,15,8
Jan-04,15,8
Jan-04,14,9
Jan-04,14,8
Jan-04,15,12
Jan-04,14,12
Jan-04,15,11
Jan-04,16,12
Jan-04,19,14
Jan-04,20,16
Feb-04,22,18
Feb-04,22,15
Feb-04,15,10
Feb-04,10,8
Feb-04,12,7
Feb-04,13,11
Feb-04,13,9
Feb-04,9,8
Feb-04,15,7
Feb-04,18,10
Feb-04,20,15
Feb-04,23,15
Feb-04,21,15
Feb-04,23,13
Feb-04,24,17
Feb-04,23,18
Feb-04,24,19
Feb-04,24,17
Feb-04,24,18
Feb-04,25,19
Feb-04,24,20
Feb-04,26,19
Feb-04,22,19
Feb-04,21,18
Feb-04,22,19
Feb-04,23,19
Feb-04,24,19
Feb-04,25,20
Feb-04,26,21
Mar-04,27,24
Mar-04,20,14
Mar-04,16,13
Mar-04,18,13
Mar-04,20,16
Mar-04,25,18
Mar-04,23,17
Mar-04,21,15
Mar-04,23,15
Mar-04,24,17
Mar-04,26,21
Mar-04,27,21
Mar-04,23,20
Mar-04,22,20
Mar-04,24,20
Mar-04,24,19
Mar-04,27,21
Mar-04,26,20
Mar-04,23,18
Mar-04,24,19
Mar-04,23,19
Mar-04,22,18
Mar-04,21,18
Mar-04,21,19
Mar-04,20,18
Mar-04,18,15
Mar-04,17,14
Mar-04,20,16
Mar-04,20,19
Mar-04,22,19
Mar-04,22,19
Apr-04,23,20
Apr-04,23,19
Apr-04,23,18
Apr-04,26,19
Apr-04,23,19
Apr-04,25,21
Apr-04,27,22
Apr-04,21,18
Apr-04,21,18
Apr-04,26,20
Apr-04,28,22
Apr-04,29,23
Apr-04,29,24
Apr-04,27,22
Apr-04,25,21
Apr-04,25,22
Apr-04,28,22
Apr-04,27,22
Apr-04,31,22
Apr-04,30,23
Apr-04,30,25
Apr-04,32,26
Apr-04,32,26
Apr-04,28,23
Apr-04,27,22
Apr-04,29,24
Apr-04,30,24
Apr-04,26,23
Apr-04,26,23
Apr-04,30,24
May-04,30,25
May-04,31,26
May-04,32,26
May-04,28,22
May-04,25,19
May-04,28,23
May-04,28,24
May-04,27,23
May-04,31,23
May-04,32,24
May-04,31,27
May-04,32,27
May-04,32,28
May-04,29,23
May-04,31,26
May-04,32,26
May-04,30,25
May-04,29,25
May-04,27,24
May-04,28,23
May-04,26,21
May-04,27,23
May-04,31,23
May-04,32,24
May-04,30,25
May-04,31,26
May-04,32,28
May-04,32,26
May-04,30,26
May-04,30,26
May-04,33,27
Jun-04,31,26
Jun-04,31,27
Jun-04,33,27
Jun-04,32,27
Jun-04,32,27
Jun-04,29,26
Jun-04,29,25
Jun-04,31,26
Jun-04,33,25
Jun-04,32,26
Jun-04,33,27
Jun-04,33,27
Jun-04,33,27
Jun-04,33,26
Jun-04,31,27
Jun-04,31,28
Jun-04,33,28
Jun-04,33,28
Jun-04,35,29
Jun-04,35,27
Jun-04,32,26
Jun-04,33,29
Jun-04,32,30
Jun-04,34,29
Jun-04,32,29
Jun-04,33,29
Jun-04,34,29
Jun-04,34,28
Jun-04,36,30
Jun-04,35,29
Jul-04,37,30
Jul-04,36,30
Jul-04,33,29
Jul-04,33,26
Jul-04,33,29
Jul-04,32,29
Jul-04,33,29
Jul-04,32,29
Jul-04,33,29
Jul-04,32,25
Jul-04,32,27
Jul-04,31,25
Jul-04,31,26
Jul-04,33,26
Jul-04,34,27
Jul-04,29,24
Jul-04,31,25
Jul-04,31,26
Jul-04,31,26
Jul-04,31,26
Jul-04,29,26
Jul-04,33,26
Jul-04,33,28
Jul-04,33,26
Jul-04,33,27
Jul-04,33,27
Jul-04,32,27
Jul-04,30,27
Jul-04,28,25
Jul-04,30,27
Jul-04,32,27
Aug-04,33,26
Aug-04,33,27
Aug-04,34,28
Aug-04,33,28
Aug-04,33,26
Aug-04,29,26
Aug-04,33,27
Aug-04,32,27
Aug-04,34,28
Aug-04,36,29
Aug-04,35,25
Aug-04,31,27
Aug-04,33,27
Aug-04,34,26
Aug-04,33,29
Aug-04,33,28
Aug-04,35,28
Aug-04,35,30
Aug-04,34,29
Aug-04,31,26
Aug-04,28,26
Aug-04,29,27
Aug-04,33,26
Aug-04,33,28
Aug-04,34,29
Aug-04,30,26
Aug-04,27,25
Aug-04,30,26
Aug-04,29,26
Aug-04,30,26
Aug-04,30,26
Sept-04,33,28
Sept-04,34,28
Sept-04,33,28
Sept-04,32,28
Sept-04,33,27
Sept-04,34,25
Sept-04,34,27
Sept-04,29,27
Sept-04,27,24
Sept-04,28,24
Sept-04,28,25
Sept-04,30,25
Sept-04,30,25
Sept-04,31,25
Sept-04,32,26
Sept-04,33,25
Sept-04,31,27
Sept-04,33,27
Sept-04,30,26
Sept-04,31,26
Sept-04,32,24
Sept-04,30,26
Sept-04,31,25
Sept-04,31,27
Sept-04,30,27
Sept-04,31,25
Sept-04,31,25
Sept-04,32,26
Sept-04,32,26
Sept-04,33,27
Oct-04,32,26
Oct-04,27,23
Oct-04,26,21
Oct-04,28,20
Oct-04,29,21
Oct-04,28,23
Oct-04,29,23
Oct-04,30,23
Oct-04,29,23
Oct-04,29,23
Oct-04,29,23
Oct-04,29,23
Oct-04,30,24
Oct-04,29,24
Oct-04,29,24
Oct-04,28,22
Oct-04,28,22
Oct-04,30,22
Oct-04,28,23
Oct-04,27,22
Oct-04,28,24
Oct-04,28,23
Oct-04,28,23
Oct-04,28,22
Oct-04,29,21
Oct-04,29,24
Oct-04,27,21
Oct-04,27,22
Oct-04,28,22
Oct-04,28,23
Oct-04,28,22
Nov-04,27,22
Nov-04,28,21
Nov-04,27,23
Nov-04,27,22
Nov-04,27,23
Nov-04,27,22
Nov-04,28,23
Nov-04,27,23
Nov-04,27,24
Nov-04,28,24
Nov-04,28,25
Nov-04,29,24
Nov-04,27,24
Nov-04,29,24
Nov-04,25,19
Nov-04,20,17
Nov-04,22,18
Nov-04,25,17
Nov-04,24,17
Nov-04,23,17
Nov-04,24,19
Nov-04,25,19
Nov-04,25,20
Nov-04,26,21
Nov-04,28,22
Nov-04,25,18
Nov-04,21,16
Nov-04,23,16
Nov-04,27,18
Nov-04,26,18
Dec-04,26,20
Dec-04,27,19
Dec-04,25,20
Dec-04,23,19
Dec-04,22,16
Dec-04,22,18
Dec-04,22,18
Dec-04,21,15
Dec-04,22,15
Dec-04,23,16
Dec-04,23,18
Dec-04,23,16
Dec-04,22,15
Dec-04,24,17
Dec-04,24,18
Dec-04,25,19
Dec-04,23,19
Dec-04,24,17
Dec-04,23,19
Dec-04,24,17
Dec-04,23,19
Dec-04,25,19
Dec-04,25,19
Dec-04,20,17
Dec-04,21,17
Dec-04,23,19
Dec-04,20,16
Dec-04,16,9
Dec-04,14,7
Dec-04,15,8
Dec-04,11,7
Jan-05,12,5
Jan-05,14,10
Jan-05,17,10
Jan-05,16,14
Jan-05,20,15
Jan-05,20,14
Jan-05,21,16
Jan-05,19,17
Jan-05,17,13
Jan-05,17,11
Jan-05,19,15
Jan-05,17,13
Jan-05,14,9
Jan-05,14,6
Jan-05,14,9
Jan-05,16,9
Jan-05,18,11
Jan-05,20,14
Jan-05,20,16
Jan-05,18,14
Jan-05,20,14
Jan-05,20,16
Jan-05,24,15
Jan-05,23,18
Jan-05,23,19
Jan-05,24,17
Jan-05,22,17
Jan-05,21,16
Jan-05,22,16
Jan-05,20,13
Jan-05,14,12
Feb-05,13,10
Feb-05,14,10
Feb-05,15,12
Feb-05,20,15
Feb-05,21,19
Feb-05,22,19
Feb-05,25,19
Feb-05,25,17
Feb-05,25,19
Feb-05,22,17
Feb-05,19,14
Feb-05,20,16
Feb-05,22,16
Feb-05,21,16
Feb-05,24,19
Feb-05,26,22
Feb-05,25,17
Feb-05,17,11
Feb-05,13,10
Feb-05,10,8
Feb-05,10,8
Feb-05,12,9
Feb-05,21,12
Feb-05,23,16
Feb-05,21,17
Feb-05,17,14
Feb-05,15,14
Feb-05,15,11
Mar-05,15,12
Mar-05,14,12
Mar-05,15,11
Mar-05,14,11
Mar-05,16,9
Mar-05,19,12
Mar-05,20,13
Mar-05,23,15
Mar-05,24,18
Mar-05,23,20
Mar-05,25,21
Mar-05,23,9
Mar-05,11,9
Mar-05,14,10
Mar-05,18,13
Mar-05,24,17
Mar-05,28,18
Mar-05,22,17
Mar-05,22,15
Mar-05,23,16
Mar-05,25,19
Mar-05,25,20
Mar-05,22,17
Mar-05,22,16
Mar-05,19,17
Mar-05,20,16
Mar-05,25,19
Mar-05,28,21
Mar-05,27,18
Mar-05,21,17
Mar-05,19,17
Apr-05,20,18
Apr-05,23,18
Apr-05,25,19
Apr-05,25,19
Apr-05,23,19
Apr-05,26,20
Apr-05,28,20
Apr-05,29,23
Apr-05,29,24
Apr-05,28,24
Apr-05,27,24
Apr-05,26,16
Apr-05,18,14
Apr-05,23,17
Apr-05,25,20
Apr-05,23,21
Apr-05,24,20
Apr-05,27,21
Apr-05,27,22
Apr-05,29,23
Apr-05,28,23
Apr-05,28,22
Apr-05,29,24
Apr-05,29,24
Apr-05,27,25
Apr-05,27,23
Apr-05,24,19
Apr-05,30,23
Apr-05,30,27
Apr-05,30,27
May-05,29,19
May-05,31,27
May-05,30,27
May-05,29,27
May-05,31,19
May-05,29,20
May-05,28,24
May-05,28,23
May-05,27,22
May-05,29,24
May-05,28,24
May-05,31,25
May-05,32,14
May-05,32,28
May-05,32,29
May-05,32,29
May-05,32,28
May-05,32,28
May-05,30,26
May-05,30,26
May-05,31,27
May-05,32,19
May-05,31,26
May-05,31,24
May-05,30,26
May-05,28,17
May-05,31,24
May-05,32,25
May-05,30,19
May-05,31,25
May-05,30,25
Jun-05,31,19
Jun-05,31,28
Jun-05,34,26
Jun-05,31,26
Jun-05,28,22
Jun-05,29,25
Jun-05,28,24
Jun-05,30,26
Jun-05,30,25
Jun-05,32,25
Jun-05,34,28
Jun-05,32,27
Jun-05,30,26
Jun-05,33,25
Jun-05,30,25
Jun-05,28,25
Jun-05,31,26
Jun-05,31,28
Jun-05,32,29
Jun-05,31,29
Jun-05,30,25
Jun-05,29,24
Jun-05,29,25
Jun-05,30,25
Jun-05,32,28
Jun-05,31,27
Jun-05,32,28
Jun-05,32,28
Jun-05,32,25
Jun-05,28,25
Jul-05,30,25
Jul-05,32,27
Jul-05,33,27
Jul-05,33,28
Jul-05,33,28
Jul-05,34,27
Jul-05,30,26
Jul-05,31,27
Jul-05,29,25
Jul-05,32,28
Jul-05,32,28
Jul-05,33,28
Jul-05,33,27
Jul-05,34,29
Jul-05,34,28
Jul-05,33,27
Jul-05,34,28
Jul-05,37,30
Jul-05,37,31
Jul-05,37,26
Jul-05,33,27
Jul-05,30,25
Jul-05,31,27
Jul-05,32,26
Jul-05,33,27
Jul-05,33,26
Jul-05,34,28
Jul-05,35,28
Jul-05,31,26
Jul-05,30,27
Jul-05,30,27
Aug-05,33,28
Aug-05,33,27
Aug-05,33,28
Aug-05,34,28
Aug-05,33,28
Aug-05,34,27
Aug-05,33,29
Aug-05,34,28
Aug-05,33,27
Aug-05,32,27
Aug-05,33,27
Aug-05,34,27
Aug-05,32,24
Aug-05,32,27
Aug-05,31,27
Aug-05,30,25
Aug-05,29,26
Aug-05,29,26
Aug-05,27,25
Aug-05,28,24
Aug-05,29,27
Aug-05,31,28
Aug-05,32,27
Aug-05,31,25
Aug-05,29,27
Aug-05,30,27
Aug-05,32,27
Aug-05,33,28
Aug-05,33,27
Aug-05,33,28
Aug-05,34,26
Sept-05,33,29
Sept-05,32,29
Sept-05,31,26
Sept-05,29,26
Sept-05,33,27
Sept-05,33,27
Sept-05,32,28
Sept-05,32,28
Sept-05,31,26
Sept-05,31,26
Sept-05,33,26
Sept-05,34,28
Sept-05,33,28
Sept-05,35,28
Sept-05,34,29
Sept-05,35,29
Sept-05,34,26
Sept-05,33,26
Sept-05,33,28
Sept-05,32,27
Sept-05,33,27
Sept-05,34,29
Sept-05,33,27
Sept-05,29,25
Sept-05,29,24
Sept-05,28,25
Sept-05,30,26
Sept-05,32,27
Sept-05,30,27
Sept-05,31,25
Oct-05,32,26
Oct-05,34,27
Oct-05,32,29
Oct-05,31,26
Oct-05,30,26
Oct-05,32,26
Oct-05,33,28
Oct-05,31,26
Oct-05,31,25
Oct-05,31,25
Oct-05,32,26
Oct-05,29,26
Oct-05,30,26
Oct-05,30,25
Oct-05,30,26
Oct-05,29,24
Oct-05,30,25
Oct-05,30,26
Oct-05,30,24
Oct-05,30,24
Oct-05,31,25
Oct-05,30,24
Oct-05,27,21
Oct-05,26,20
Oct-05,28,23
Oct-05,29,23
Oct-05,31,25
Oct-05,31,24
Oct-05,27,22
Oct-05,27,21
Oct-05,25,20
Nov-05,25,22
Nov-05,29,24
Nov-05,30,25
Nov-05,31,24
Nov-05,30,25
Nov-05,31,24
Nov-05,30,25
Nov-05,30,26
Nov-05,30,25
Nov-05,30,25
Nov-05,30,24
Nov-05,31,25
Nov-05,29,26
Nov-05,30,25
Nov-05,25,21
Nov-05,24,19
Nov-05,25,18
Nov-05,24,19
Nov-05,22,17
Nov-05,22,15
Nov-05,22,16
Nov-05,23,16
Nov-05,25,21
Dec-05,26,20
Dec-05,26,20
Dec-05,25,22
Dec-05,24,17
Dec-05,17,12
Dec-05,12,10
Dec-05,16,11
Dec-05,20,15
Dec-05,24,18
Dec-05,24,19
Dec-05,22,17
Dec-05,18,14
Dec-05,18,13
Dec-05,18,13
Dec-05,18,12
Dec-05,18,12
Dec-05,20,14
Dec-05,17,11
Dec-05,18,12
Dec-05,20,14
Dec-05,18,13
Dec-05,17,10
Dec-05,18,10
Dec-05,23,14
Dec-05,23,18
Dec-05,24,17
Dec-05,22,16
Dec-05,17,16
Dec-05,21,16
Dec-05,19,16
Dec-05,23,17
Jan-06,22,19
Jan-06,22,17
Jan-06,21,17
Jan-06,24,18
Jan-06,21,13
Jan-06,13,10
Jan-06,14,8
Jan-06,13,11
Jan-06,15,10
Jan-06,17,14
Jan-06,22,16
Jan-06,23,18
Jan-06,25,16
Jan-06,24,18
Jan-06,23,17
Jan-06,24,19
Jan-06,22,19
Jan-06,25,19
Jan-06,23,20
Jan-06,21,13
Jan-06,13,11
Jan-06,13,11
Jan-06,14,10
Jan-06,17,10
Jan-06,18,14
Jan-06,17,12
Jan-06,17,13
Jan-06,17,14
Jan-06,20,16
Jan-06,24,19
Jan-06,26,18
Feb-06,23,19
Feb-06,23,17
Feb-06,23,18
Feb-06,18,16
Feb-06,19,15
Feb-06,24,15
Feb-06,23,17
Feb-06,23,16
Feb-06,20,16
Feb-06,21,14
Feb-06,23,16
Feb-06,22,17
Feb-06,21,17
Feb-06,21,19
Feb-06,26,20
Feb-06,26,20
Feb-06,21,17
Feb-06,17,12
Feb-06,17,12
Feb-06,18,15
Feb-06,24,17
Feb-06,26,20
Feb-06,21,18
Feb-06,20,18
Feb-06,21,17
Feb-06,22,17
Feb-06,18,15
Feb-06,17,10
Mar-06,12,9
Mar-06,15,10
Mar-06,20,10
Mar-06,18,15
Mar-06,20,16
Mar-06,21,17
Mar-06,23,18
Mar-06,24,19
Mar-06,24,19
Mar-06,26,19
Mar-06,26,21
Mar-06,26,14
Mar-06,14,9
Mar-06,15,9
Mar-06,19,14
Mar-06,21,16
Mar-06,25,19
Mar-06,28,21
Mar-06,25,20
Mar-06,22,18
Mar-06,26,19
Mar-06,26,21
Mar-06,27,21
Mar-06,21,18
Mar-06,20,18
Mar-06,22,19
Mar-06,21,18
Mar-06,23,17
Mar-06,24,19
Mar-06,25,20
Mar-06,27,22
Apr-06,28,22
Apr-06,26,23
Apr-06,29,23
Apr-06,30,24
Apr-06,29,25
Apr-06,30,23
Apr-06,24,21
Apr-06,26,21
Apr-06,28,24
Apr-06,30,27
Apr-06,31,27
Apr-06,31,27
Apr-06,28,18
Apr-06,18,17
Apr-06,17,15
Apr-06,20,15
Apr-06,24,19
Apr-06,29,22
Apr-06,30,23
Apr-06,32,23
Apr-06,29,23
Apr-06,31,25
Apr-06,33,26
Apr-06,29,25
Apr-06,28,24
Apr-06,31,26
Apr-06,30,27
Apr-06,28,22
Apr-06,25,21
Apr-06,30,24
May-06,31,26
May-06,31,25
May-06,25,23
May-06,29,24
May-06,31,26
May-06,31,27
May-06,31,28
May-06,32,28
May-06,32,27
May-06,33,28
May-06,32,27
May-06,31,25
May-06,30,23
May-06,29,20
May-06,28,23
May-06,27,22
May-06,25,21
May-06,28,23
May-06,30,22
May-06,28,24
May-06,27,24
May-06,28,25
May-06,28,25
May-06,29,25
May-06,30,26
May-06,31,27
May-06,28,27
May-06,28,24
May-06,24,23
May-06,27,23
May-06,30,24
Jun-06,29,25
Jun-06,28,25
Jun-06,30,27
Jun-06,31,28
Jun-06,31,29
Jun-06,32,28
Jun-06,31,29
Jun-06,31,28
Jun-06,29,25
Jun-06,26,23
Jun-06,27,23
Jun-06,27,24
Jun-06,32,25
Jun-06,31,28
Jun-06,31,28
Jun-06,32,28
Jun-06,32,28
Jun-06,32,28
Jun-06,29,26
Jun-06,30,26
Jun-06,33,27
Jun-06,30,28
Jun-06,34,27
Jun-06,35,28
Jun-06,32,28
Jun-06,33,28
Jun-06,34,28
Jun-06,30,26
Jun-06,32,26
Jun-06,33,27
Jul-06,34,29
Jul-06,33,29
Jul-06,33,28
Jul-06,32,28
Jul-06,33,27
Jul-06,34,29
Jul-06,34,30
Jul-06,33,29
Jul-06,31,26
Jul-06,32,29
Jul-06,32,27
Jul-06,33,28
Jul-06,36,29
Jul-06,34,30
Jul-06,30,29
Jul-06,30,26
Jul-06,32,29
Jul-06,32,29
Jul-06,34,28
Jul-06,34,27
Jul-06,34,27
Jul-06,34,28
Jul-06,35,28
Jul-06,37,28
Jul-06,36,31
Jul-06,31,26
Jul-06,29,25
Jul-06,29,25
Jul-06,27,25
Jul-06,31,26
Jul-06,33,27
Aug-06,34,27
Aug-06,30,25
Aug-06,28,25
Aug-06,30,27
Aug-06,31,26
Aug-06,30,25
Aug-06,32,26
Aug-06,32,26
Aug-06,33,27
Aug-06,30,25
Aug-06,31,27
Aug-06,33,28
Aug-06,34,28
Aug-06,33,28
Aug-06,32,28
Aug-06,33,28
Aug-06,34,28
Aug-06,34,29
Aug-06,31,25
Aug-06,32,27
Aug-06,34,27
Aug-06,33,27
Aug-06,33,25
Aug-06,32,26
Aug-06,31,26
Aug-06,31,26
Aug-06,32,27
Aug-06,33,28
Aug-06,32,28
Aug-06,33,28
Aug-06,33,28
Sept-06,34,28
Sept-06,34,29
Sept-06,32,28
Sept-06,31,26
Sept-06,33,28
Sept-06,31,26
Sept-06,29,27
Sept-06,30,27
Sept-06,29,25
Sept-06,27,22
Sept-06,27,22
Sept-06,23,20
Sept-06,27,22
Sept-06,29,25
Sept-06,31,25
Sept-06,29,26
Sept-06,30,25
Sept-06,30,24
Sept-06,31,25
Sept-06,30,25
Sept-06,30,24
Sept-06,32,26
Sept-06,32,26
Sept-06,28,25
Sept-06,31,26
Sept-06,32,25
Sept-06,31,25
Sept-06,30,25
Sept-06,33,26
Sept-06,30,26
Oct-06,30,27
Oct-06,30,26
Oct-06,31,26
Oct-06,31,25
Oct-06,31,25
Oct-06,29,24
Oct-06,31,24
Oct-06,30,25
Oct-06,28,25
Oct-06,30,24
Oct-06,31,25
Oct-06,32,25
Oct-06,30,26
Oct-06,30,25
Oct-06,29,26
Oct-06,30,23
Oct-06,30,26
Oct-06,30,26
Oct-06,30,26
Oct-06,30,24
Oct-06,31,25
Oct-06,30,25
Oct-06,31,25
Oct-06,30,26
Oct-06,29,26
Oct-06,30,25
Oct-06,29,24
Oct-06,30,23
Oct-06,29,24
Oct-06,30,24
Oct-06,30,24
Nov-06,28,24
Nov-06,27,22
Nov-06,28,22
Nov-06,28,20
Nov-06,28,21
Nov-06,30,21
Nov-06,28,20
Nov-06,28,22
Nov-06,29,22
Nov-06,29,22
Nov-06,31,23
Nov-06,28,20
Nov-06,27,21
Nov-06,27,24
Nov-06,25,21
Nov-06,26,21
Nov-06,28,23
Nov-06,28,24
Nov-06,25,23
Nov-06,27,22
Nov-06,25,20
Nov-06,22,20
Nov-06,24,21
Nov-06,25,21
Nov-06,25,23
Nov-06,28,24
Nov-06,25,19
Nov-06,23,18
Nov-06,23,20
Nov-06,23,19
Dec-06,21,17
Dec-06,21,15
Dec-06,23,17
Dec-06,23,17
Dec-06,23,18
Dec-06,25,20
Dec-06,26,21
Dec-06,29,22
Dec-06,24,19
Dec-06,20,16
Dec-06,21,17
Dec-06,23,19
Dec-06,22,17
Dec-06,17,15
Dec-06,18,14
Dec-06,20,15
Dec-06,19,13
Dec-06,19,12
Dec-06,20,13
Dec-06,21,14
Dec-06,20,15
Dec-06,21,13
Dec-06,20,15
Dec-06,21,17
Dec-06,22,14
Dec-06,21,15
Dec-06,24,14
Dec-06,22,15
Dec-06,18,13
Dec-06,20,14
Dec-06,22,15
Jan-07,22,17
Jan-07,22,19
Jan-07,22,19
Jan-07,19,15
Jan-07,18,13
Jan-07,18,12
Jan-07,18,11
Jan-07,16,11
Jan-07,17,11
Jan-07,18,14
Jan-07,19,17
Jan-07,19,16
Jan-07,20,15
Jan-07,19,15
Jan-07,23,17
Jan-07,24,19
Jan-07,21,14
Jan-07,18,13
Jan-07,18,15
Jan-07,19,16
Jan-07,18,14
Jan-07,18,14
Jan-07,17,14
Jan-07,16,12
Jan-07,16,13
Jan-07,17,12
Jan-07,19,11
Jan-07,19,14
Jan-07,18,10
Jan-07,20,11
Jan-07,22,13
Feb-07,20,14
Feb-07,20,11
Feb-07,19,14
Feb-07,22,14
Feb-07,23,17
Feb-07,23,17
Feb-07,26,19
Feb-07,26,20
Feb-07,26,20
Feb-07,22,20
Feb-07,21,19
Feb-07,24,18
Feb-07,25,20
Feb-07,24,20
Feb-07,22,19
Feb-07,24,19
Feb-07,25,22
Feb-07,26,20
Feb-07,22,19
Feb-07,23,19
Feb-07,23,19
Feb-07,20,19
Feb-07,24,18
Feb-07,21,19
Feb-07,23,18
Feb-07,23,19
Feb-07,23,17
Feb-07,24,19
Mar-07,22,19
Mar-07,26,20
Mar-07,28,21
Mar-07,25,21
Mar-07,25,19
Mar-07,20,13
Mar-07,14,11
Mar-07,15,12
Mar-07,18,13
Mar-07,21,17
Mar-07,19,17
Mar-07,20,17
Mar-07,24,19
Mar-07,25,21
Mar-07,27,22
Mar-07,27,24
Mar-07,24,18
Mar-07,22,18
Mar-07,21,15
Mar-07,20,14
Mar-07,22,18
Mar-07,23,19
Mar-07,25,20
Mar-07,26,21
Mar-07,27,22
Mar-07,26,22
Mar-07,30,23
Mar-07,25,22
Mar-07,28,22
Mar-07,28,23
Mar-07,28,25
Apr-07,29,25
Apr-07,28,18
Apr-07,17,14
Apr-07,15,12
Apr-07,17,15
Apr-07,19,16
Apr-07,20,16
Apr-07,21,17
Apr-07,25,19
Apr-07,21,18
Apr-07,24,18
Apr-07,26,19
Apr-07,27,19
Apr-07,27,21
Apr-07,29,22
Apr-07,30,23
Apr-07,29,21
Apr-07,25,18
Apr-07,26,21
Apr-07,28,21
Apr-07,27,24
Apr-07,31,25
Apr-07,28,24
Apr-07,27,22
Apr-07,22,20
Apr-07,27,21
Apr-07,30,23
Apr-07,28,23
Apr-07,26,23
Apr-07,25,23
May-07,30,23
May-07,30,22
May-07,29,22
May-07,26,23
May-07,27,24
May-07,30,24
May-07,33,21
May-07,31,24
May-07,30,25
May-07,31,26
May-07,30,25
May-07,30,26
May-07,29,25
May-07,30,25
May-07,31,24
May-07,33,26
May-07,33,26
May-07,34,24
May-07,29,24
May-07,25,22
May-07,27,23
May-07,28,25
May-07,32,27
May-07,32,28
May-07,33,29
May-07,32,29
May-07,31,25
May-07,31,26
May-07,33,27
May-07,33,28
May-07,32,26
Jun-07,34,29
Jun-07,33,28
Jun-07,34,29
Jun-07,34,29
Jun-07,33,29
Jun-07,33,29
Jun-07,31,27
Jun-07,31,25
Jun-07,32,27
Jun-07,30,23
Jun-07,31,27
Jun-07,31,27
Jun-07,33,26
Jun-07,29,25
Jun-07,29,25
Jun-07,31,27
Jun-07,31,27
Jun-07,32,27
Jun-07,33,27
Jun-07,33,27
Jun-07,33,28
Jun-07,33,29
Jun-07,34,28
Jun-07,35,29
Jun-07,34,29
Jun-07,33,27
Jun-07,32,27
Jun-07,28,25
Jun-07,30,25
Jun-07,30,25
Jul-07,30,26
Jul-07,33,26
Jul-07,33,27
Jul-07,32,28
Jul-07,31,28
Jul-07,32,28
Jul-07,33,28
Jul-07,33,28
Jul-07,33,28
Jul-07,34,29
Jul-07,34,29
Jul-07,35,29
Jul-07,35,29
Jul-07,35,30
Jul-07,34,29
Jul-07,34,28
Jul-07,33,28
Jul-07,33,29
Jul-07,33,29
Jul-07,34,29
Jul-07,34,29
Jul-07,35,29
Jul-07,35,29
Jul-07,33,29
Jul-07,34,29
Jul-07,33,28
Jul-07,35,28
Jul-07,35,29
Jul-07,34,25
Jul-07,34,28
Jul-07,34,28
Aug-07,34,29
Aug-07,35,29
Aug-07,34,28
Aug-07,35,29
Aug-07,34,29
Aug-07,31,26
Aug-07,33,27
Aug-07,34,26
Aug-07,29,26
Aug-07,28,26
Aug-07,28,26
Aug-07,28,27
Aug-07,33,26
Aug-07,30,26
Aug-07,30,26
Aug-07,28,26
Aug-07,31,26
Aug-07,34,25
Aug-07,34,27
Aug-07,32,28
Aug-07,31,28
Aug-07,30,26
Aug-07,31,28
Aug-07,32,27
Aug-07,32,25
Aug-07,32,26
Aug-07,33,26
Aug-07,32,28
Aug-07,33,27
Aug-07,32,27
Aug-07,33,27
Sept-07,33,27
Sept-07,31,27
Sept-07,31,27
Sept-07,30,26
Sept-07,30,26
Sept-07,29,25
Sept-07,31,25
Sept-07,32,27
Sept-07,30,28
Sept-07,32,28
Sept-07,33,27
Sept-07,32,26
Sept-07,33,27
Sept-07,33,26
Sept-07,34,27
Sept-07,31,28
Sept-07,32,27
Sept-07,32,27
Sept-07,31,26
Sept-07,31,27
Sept-07,31,26
Sept-07,34,27
Sept-07,29,25
Sept-07,29,25
Sept-07,30,26
Sept-07,32,27
Sept-07,32,26
Sept-07,32,27
Sept-07,33,27
Sept-07,34,27
Oct-07,33,28
Oct-07,31,26
Oct-07,30,26
Oct-07,32,27
Oct-07,32,26
Oct-07,33,27
Oct-07,33,28
Oct-07,33,28
Oct-07,30,24
Oct-07,29,24
Oct-07,30,25
Oct-07,28,25
Oct-07,30,25
Oct-07,29,25
Oct-07,29,24
Oct-07,28,23
Oct-07,27,23
Oct-07,28,24
Oct-07,29,23
Oct-07,28,21
Oct-07,28,23
Oct-07,28,23
Oct-07,29,24
Oct-07,31,24
Oct-07,30,25
Oct-07,31,23
Oct-07,30,25
Oct-07,28,24
Oct-07,30,24
Oct-07,26,21
Oct-07,24,21
Nov-07,22,18
Nov-07,22,16
Nov-07,25,19
Nov-07,26,19
Nov-07,26,20
Nov-07,27,21
Nov-07,25,22
Nov-07,22,18
Nov-07,29,20
Nov-07,26,20
Nov-07,25,21
Nov-07,25,20
Nov-07,26,20
Nov-07,26,20
Nov-07,27,21
Nov-07,28,22
Nov-07,27,22
Nov-07,25,21
Nov-07,22,19
Nov-07,23,17
Nov-07,25,19
Nov-07,24,20
Nov-07,25,19
Nov-07,26,20
Nov-07,25,20
Nov-07,25,21
Nov-07,23,17
Nov-07,20,14
Nov-07,20,12
Nov-07,23,13
Dec-07,22,17
Dec-07,25,19
Dec-07,23,18
Dec-07,21,17
Dec-07,22,18
Dec-07,21,18
Dec-07,21,18
Dec-07,23,16
Dec-07,22,18
Dec-07,25,20
Dec-07,26,18
Dec-07,27,21
Dec-07,23,19
Dec-07,22,18
Dec-07,24,19
Dec-07,23,19
Dec-07,25,20
Dec-07,26,20
Dec-07,21,19
Dec-07,24,19
Dec-07,26,20
Dec-07,24,20
Dec-07,22,17
Dec-07,19,16
Dec-07,18,15
Dec-07,22,15
Dec-07,21,16
Dec-07,22,18
Dec-07,20,16
Dec-07,19,14
Dec-07,18,12
Jan-08,17,10
Jan-08,16,10
Jan-08,18,11
Jan-08,20,14
Jan-08,21,13
Jan-08,22,17
Jan-08,24,16
Jan-08,24,19
Jan-08,25,20
Jan-08,25,21
Jan-08,27,21
Jan-08,26,19
Jan-08,23,16
Jan-08,17,11
Jan-08,17,13
Jan-08,17,11
Jan-08,13,10
Jan-08,18,10
Jan-08,21,16
Jan-08,23,17
Jan-08,19,15
Jan-08,18,14
Jan-08,19,14
Jan-08,19,11
Jan-08,13,11
Jan-08,13,10
Jan-08,10,9
Jan-08,14,9
Jan-08,12,10
Jan-08,12,8
Jan-08,10,7
Feb-08,11,8
Feb-08,9,7
Feb-08,14,7
Feb-08,14,9
Feb-08,13,11
Feb-08,13,9
Feb-08,11,8
Feb-08,13,9
Feb-08,14,8
Feb-08,13,11
Feb-08,12,8
Feb-08,14,8
Feb-08,14,10
Feb-08,14,12
Feb-08,15,11
Feb-08,16,12
Feb-08,16,13
Feb-08,19,13
Feb-08,19,14
Feb-08,19,13
Feb-08,21,14
Feb-08,20,17
Feb-08,21,17
Feb-08,17,15
Feb-08,18,14
Feb-08,18,13
Feb-08,17,10
Feb-08,18,11
Feb-08,16,14
Mar-08,20,11
Mar-08,24,14
Mar-08,25,14
Mar-08,24,15
Mar-08,22,16
Mar-08,22,16
Mar-08,25,18
Mar-08,23,17
Mar-08,24,16
Mar-08,23,18
Mar-08,24,17
Mar-08,25,18
Mar-08,25,19
Mar-08,25,20
Mar-08,25,19
Mar-08,25,19
Mar-08,25,21
Mar-08,26,21
Mar-08,28,20
Mar-08,23,20
Mar-08,24,20
Mar-08,22,20
Mar-08,22,19
Mar-08,25,19
Mar-08,22,19
Mar-08,21,16
Mar-08,25,16
Mar-08,25,22
Mar-08,27,24
Mar-08,28,21
Mar-08,22,19
Apr-08,19,18
Apr-08,20,18
Apr-08,20,17
Apr-08,27,19
Apr-08,28,22
Apr-08,28,21
Apr-08,30,22
Apr-08,29,26
Apr-08,29,26
Apr-08,29,25
Apr-08,28,23
Apr-08,27,23
Apr-08,26,23
Apr-08,28,23
Apr-08,28,23
Apr-08,29,24
Apr-08,31,24
Apr-08,26,23
Apr-08,26,22
Apr-08,29,26
Apr-08,29,26
Apr-08,30,24
Apr-08,25,21
Apr-08,23,20
Apr-08,23,21
Apr-08,26,20
Apr-08,26,23
Apr-08,22,20
Apr-08,26,22
Apr-08,27,23
May-08,27,24
May-08,27,23
May-08,30,24
May-08,31,25
May-08,30,23
May-08,27,22
May-08,29,23
May-08,32,26
May-08,33,26
May-08,28,21
May-08,24,20
May-08,28,23
May-08,31,23
May-08,29,23
May-08,29,23
May-08,30,24
May-08,28,25
May-08,29,24
May-08,27,22
May-08,23,21
May-08,27,22
May-08,29,24
May-08,31,26
May-08,32,26
May-08,30,26
May-08,31,27
May-08,31,28
May-08,30,28
May-08,31,25
May-08,29,26
May-08,29,26
Jun-08,30,25
Jun-08,30,25
Jun-08,30,24
Jun-08,28,25
Jun-08,29,24
Jun-08,26,24
Jun-08,28,24
Jun-08,31,27
Jun-08,31,27
Jun-08,31,28
Jun-08,31,25
Jun-08,31,26
Jun-08,30,24
Jun-08,28,24
Jun-08,30,24
Jun-08,30,25
Jun-08,27,25
Jun-08,29,24
Jun-08,31,26
Jun-08,31,27
Jun-08,32,27
Jun-08,33,26
Jun-08,34,27
Jun-08,34,27
Jun-08,30,25
Jun-08,29,25
Jun-08,29,26
Jun-08,29,24
Jun-08,30,25
Jun-08,30,26
Jul-08,32,28
Jul-08,31,27
Jul-08,32,28
Jul-08,33,27
Jul-08,33,27
Jul-08,30,24
Jul-08,27,25
Jul-08,30,26
Jul-08,29,25
Jul-08,29,24
Jul-08,30,26
Jul-08,28,25
Jul-08,29,25
Jul-08,31,26
Jul-08,32,25
Jul-08,32,26
Jul-08,33,27
Jul-08,33,28
Jul-08,33,29
Jul-08,33,29
Jul-08,33,28
Jul-08,33,28
Jul-08,33,29
Jul-08,35,28
Jul-08,34,27
Jul-08,36,28
Jul-08,36,25
Jul-08,36,29
Jul-08,34,30
Jul-08,32,29
Jul-08,33,26
Aug-08,33,27
Aug-08,33,28
Aug-08,34,27
Aug-08,34,27
Aug-08,30,27
Aug-08,28,25
Aug-08,30,24
Aug-08,29,26
Aug-08,31,25
Aug-08,31,26
Aug-08,28,25
Aug-08,31,26
Aug-08,33,27
Aug-08,33,28
Aug-08,33,28
Aug-08,33,28
Aug-08,33,29
Aug-08,34,28
Aug-08,33,28
Aug-08,34,27
Aug-08,34,30
Aug-08,30,24
Aug-08,29,24
Aug-08,31,26
Aug-08,32,28
Aug-08,32,26
Aug-08,33,26
Aug-08,34,27
Aug-08,33,27
Aug-08,34,28
Aug-08,33,26
Sept-08,33,28
Sept-08,31,26
Sept-08,31,26
Sept-08,31,28
Sept-08,31,27
Sept-08,32,25
Sept-08,32,26
Sept-08,32,27
Sept-08,34,28
Sept-08,33,28
Sept-08,33,28
Sept-08,33,28
Sept-08,33,28
Sept-08,33,29
Sept-08,34,28
Sept-08,34,28
Sept-08,34,29
Sept-08,32,26
Sept-08,32,27
Sept-08,33,27
Sept-08,34,27
Sept-08,35,28
Sept-08,34,25
Sept-08,29,25
Sept-08,33,27
Sept-08,33,27
Sept-08,30,26
Sept-08,32,26
Sept-08,32,25
Sept-08,30,25
Oct-08,30,25
Oct-08,31,26
Oct-08,29,26
Oct-08,31,26
Oct-08,29,23
Oct-08,27,23
Oct-08,26,23
Oct-08,28,24
Oct-08,31,25
Oct-08,32,26
Oct-08,32,26
Oct-08,29,26
Oct-08,27,24
Oct-08,30,24
Oct-08,31,25
Oct-08,31,24
Oct-08,30,26
Oct-08,31,26
Oct-08,31,26
Oct-08,31,26
Oct-08,31,26
Oct-08,30,25
Oct-08,31,24
Oct-08,31,26
Oct-08,29,26
Oct-08,30,26
Oct-08,30,26
Oct-08,29,24
Oct-08,30,26
Oct-08,32,26
Oct-08,31,26
Nov-08,29,26
Nov-08,29,27
Nov-08,27,24
Nov-08,28,23
Nov-08,28,25
Nov-08,31,26
Nov-08,31,26
Nov-08,27,21
Nov-08,24,19
Nov-08,25,17
Nov-08,24,17
Nov-08,25,16
Nov-08,26,19
Nov-08,27,22
Nov-08,27,22
Nov-08,30,21
Nov-08,28,22
Nov-08,25,20
Nov-08,22,17
Nov-08,20,15
Nov-08,23,17
Nov-08,24,21
Nov-08,25,22
Nov-08,25,21
Nov-08,26,19
Nov-08,24,19
Nov-08,23,17
Nov-08,19,13
Nov-08,23,12
Nov-08,21,14
Dec-08,22,15
Dec-08,23,15
Dec-08,23,19
Dec-08,26,21
Dec-08,21,17
Dec-08,20,13
Dec-08,19,13
Dec-08,22,17
Dec-08,22,14
Dec-08,23,15
Dec-08,23,15
Dec-08,23,20
Dec-08,25,20
Dec-08,22,17
Dec-08,19,14
Dec-08,20,15
Dec-08,22,14
Dec-08,23,15
Dec-08,24,18
Dec-08,27,18
Dec-08,26,19
Dec-08,22,12
Dec-08,16,10
Dec-08,20,15
Dec-08,21,16
Dec-08,22,18
Dec-08,22,18
Dec-08,21,19
Dec-08,21,18
Dec-08,18,15
Dec-08,16,12
Jan-09,18,12
Jan-09,17,11
Jan-09,20,13
Jan-09,22,15
Jan-09,22,16
Jan-09,22,16
Jan-09,19,16
Jan-09,18,12
Jan-09,16,10
Jan-09,16,10
Jan-09,16,8
Jan-09,19,10
Jan-09,17,10
Jan-09,15,9
Jan-09,17,11
Jan-09,18,11
Jan-09,21,14
Jan-09,22,15
Jan-09,25,17
Jan-09,23,17
Jan-09,24,18
Jan-09,21,15
Jan-09,20,13
Jan-09,13,10
Jan-09,16,10
Jan-09,16,11
Jan-09,11,10
Jan-09,18,11
Jan-09,17,13
Jan-09,19,13
Jan-09,22,13
Feb-09,22,16
Feb-09,24,17
Feb-09,24,15
Feb-09,22,17
Feb-09,23,18
Feb-09,22,18
Feb-09,23,18
Feb-09,26,19
Feb-09,24,19
Feb-09,25,18
Feb-09,25,17
Feb-09,25,19
Feb-09,26,23
Feb-09,25,23
Feb-09,27,21
Feb-09,24,19
Feb-09,22,18
Feb-09,25,18
Feb-09,25,19
Feb-09,23,19
Feb-09,23,17
Feb-09,27,22
Feb-09,27,23
Feb-09,29,22
Feb-09,29,22
Feb-09,26,21
Feb-09,28,21
Feb-09,23,20
Mar-09,21,19
Mar-09,20,17
Mar-09,21,17
Mar-09,22,18
Mar-09,26,19
Mar-09,19,14
Mar-09,15,13
Mar-09,16,14
Mar-09,19,15
Mar-09,20,18
Mar-09,23,18
Mar-09,24,19
Mar-09,25,14
Mar-09,20,13
Mar-09,22,15
Mar-09,23,18
Mar-09,26,18
Mar-09,27,21
Mar-09,27,21
Mar-09,28,22
Mar-09,27,23
Mar-09,29,25
Mar-09,28,23
Mar-09,25,21
Mar-09,21,17
Mar-09,20,19
Mar-09,23,19
Mar-09,29,21
Mar-09,22,20
Mar-09,22,17
Mar-09,22,17
Apr-09,23,20
Apr-09,22,18
Apr-09,22,18
Apr-09,26,21
Apr-09,26,22
Apr-09,22,17
Apr-09,22,18
Apr-09,25,19
Apr-09,25,21
Apr-09,26,21
Apr-09,26,21
Apr-09,26,21
Apr-09,28,22
Apr-09,30,22
Apr-09,27,22
Apr-09,26,19
Apr-09,29,21
Apr-09,24,22
Apr-09,29,23
Apr-09,28,25
Apr-09,30,23
Apr-09,25,22
Apr-09,26,22
Apr-09,27,23
Apr-09,26,20
Apr-09,21,19
Apr-09,26,20
Apr-09,27,21
Apr-09,26,21
Apr-09,27,22
May-09,28,22
May-09,29,22
May-09,28,22
May-09,27,21
May-09,29,23
May-09,28,22
May-09,29,22
May-09,29,22
May-09,29,23
May-09,30,25
May-09,31,25
May-09,32,25
May-09,32,25
May-09,30,25
May-09,30,25
May-09,29,25
May-09,32,25
May-09,33,26
May-09,32,28
May-09,30,23
May-09,31,25
May-09,31,27
May-09,29,24
May-09,27,25
May-09,27,25
May-09,30,24
May-09,31,25
May-09,27,24
May-09,25,21
May-09,28,22
May-09,30,24
Jun-09,31,24
Jun-09,30,26
Jun-09,32,28
Jun-09,31,26
Jun-09,32,25
Jun-09,33,26
Jun-09,33,26
Jun-09,31,27
Jun-09,30,25
Jun-09,32,27
Jun-09,29,25
Jun-09,29,25
Jun-09,32,28
Jun-09,31,27
Jun-09,31,27
Jun-09,31,26
Jun-09,33,28
Jun-09,33,27
Jun-09,33,28
Jun-09,33,28
Jun-09,34,28
Jun-09,33,30
Jun-09,32,28
Jun-09,33,29
Jun-09,33,29
Jun-09,33,27
Jun-09,29,26
Jun-09,30,24
Jun-09,32,28
Jun-09,33,29
Jul-09,33,29
Jul-09,33,29
Jul-09,33,29
Jul-09,30,24
Jul-09,30,25
Jul-09,32,26
Jul-09,33,28
Jul-09,34,28
Jul-09,33,28
Jul-09,35,28
Jul-09,34,28
Jul-09,34,29
Jul-09,34,27
Jul-09,32,28
Jul-09,34,27
Jul-09,33,29
Jul-09,33,29
Jul-09,35,26
Jul-09,30,26
Jul-09,33,27
Jul-09,33,28
Jul-09,32,28
Jul-09,32,28
Jul-09,33,28
Jul-09,32,27
Jul-09,32,27
Jul-09,32,26
Jul-09,32,27
Jul-09,33,28
Jul-09,32,28
Jul-09,33,28
Aug-09,34,27
Aug-09,35,29
Aug-09,36,28
Aug-09,31,27
Aug-09,30,27
Aug-09,31,27
Aug-09,34,27
Aug-09,34,29
Aug-09,33,30
Aug-09,34,29
Aug-09,31,27
Aug-09,29,26
Aug-09,29,25
Aug-09,31,26
Aug-09,33,28
Aug-09,33,28
Aug-09,33,28
Aug-09,32,28
Aug-09,33,28
Aug-09,34,28
Aug-09,34,29
Aug-09,34,28
Aug-09,36,28
Aug-09,33,29
Aug-09,34,29
Aug-09,34,29
Aug-09,35,29
Aug-09,35,28
Aug-09,35,29
Aug-09,33,26
Aug-09,33,28
Sept-09,34,28
Sept-09,35,28
Sept-09,35,29
Sept-09,34,29
Sept-09,34,29
Sept-09,34,29
Sept-09,34,28
Sept-09,34,27
Sept-09,34,27
Sept-09,33,28
Sept-09,30,27
Sept-09,33,27
Sept-09,34,27
Sept-09,31,26
Sept-09,29,26
Sept-09,30,28
Sept-09,33,28
Sept-09,34,27
Sept-09,35,28
Sept-09,35,29
Sept-09,33,26
Sept-09,31,27
Sept-09,33,26
Sept-09,34,28
Sept-09,34,29
Sept-09,35,29
Sept-09,33,29
Sept-09,30,25
Sept-09,27,25
Sept-09,30,26
Oct-09,31,26
Oct-09,32,26
Oct-09,31,27
Oct-09,33,25
Oct-09,32,26
Oct-09,31,27
Oct-09,31,27
Oct-09,30,25
Oct-09,30,24
Oct-09,31,25
Oct-09,31,25
Oct-09,29,25
Oct-09,31,27
Oct-09,30,26
Oct-09,29,24
Oct-09,30,26
Oct-09,33,24
Oct-09,31,25
Oct-09,29,26
Oct-09,27,24
Oct-09,28,25
Oct-09,29,25
Oct-09,30,23
Oct-09,30,25
Oct-09,30,24
Oct-09,29,24
Oct-09,28,25
Oct-09,29,24
Oct-09,30,24
Oct-09,29,24
Oct-09,30,25
Nov-09,32,25
Nov-09,28,21
Nov-09,22,16
Nov-09,25,17
Nov-09,27,21
Nov-09,29,21
Nov-09,30,25
Nov-09,28,25
Nov-09,31,25
Nov-09,30,25
Nov-09,30,25
Nov-09,29,20
Nov-09,20,16
Nov-09,17,14
Nov-09,21,17
Nov-09,18,13
Nov-09,14,10
Nov-09,14,9
Nov-09,18,11
Nov-09,18,13
Nov-09,18,12
Nov-09,19,13
Nov-09,21,15
Nov-09,24,17
Nov-09,25,18
Nov-09,26,21
Nov-09,27,21
Nov-09,26,21
Nov-09,24,20
Nov-09,22,18
Dec-09,21,16
Dec-09,22,19
Dec-09,20,15
Dec-09,20,15
Dec-09,20,16
Dec-09,23,17
Dec-09,21,18
Dec-09,20,18
Dec-09,21,18
Dec-09,21,19
Dec-09,25,18
Dec-09,24,21
Dec-09,23,19
Dec-09,23,19
Dec-09,22,16
Dec-09,16,13
Dec-09,14,11
Dec-09,13,11
Dec-09,16,11
Dec-09,17,11
Dec-09,17,13
Dec-09,21,15
Dec-09,23,17
Dec-09,24,18
Dec-09,22,17
Dec-09,21,17
Dec-09,20,11
Dec-09,14,10
Dec-09,19,14
Dec-09,18,15
Dec-09,18,15
Jan-10,20,16
Jan-10,19,16
Jan-10,19,16
Jan-10,23,17
Jan-10,20,17
Jan-10,18,13
Jan-10,13,11
Jan-10,15,11
Jan-10,19,13
Jan-10,21,17
Jan-10,20,12
Jan-10,15,10
Jan-10,16,10
Jan-10,18,13
Jan-10,21,15
Jan-10,21,14
Jan-10,20,14
Jan-10,20,16
Jan-10,23,16
Jan-10,25,21
Jan-10,26,22
Jan-10,23,17
Jan-10,17,13
Jan-10,17,13
Jan-10,19,15
Jan-10,18,15
Jan-10,20,16
Jan-10,21,18
Jan-10,21,18
Jan-10,24,18
Jan-10,25,20
Feb-10,25,19
Feb-10,21,19
Feb-10,22,18
Feb-10,21,18
Feb-10,21,18
Feb-10,23,18
Feb-10,21,18
Feb-10,22,18
Feb-10,25,22
Feb-10,27,24
Feb-10,28,25
Feb-10,26,11
Feb-10,16,10
Feb-10,16,14
Feb-10,14,10
Feb-10,10,8
Feb-10,10,8
Feb-10,10,7
Feb-10,11,7
Feb-10,15,11
Feb-10,20,15
Feb-10,20,16
Feb-10,24,17
Feb-10,25,21
Feb-10,29,24
Feb-10,27,22
Feb-10,27,23
Feb-10,26,23
Mar-10,26,23
Mar-10,27,25
Mar-10,28,24
Mar-10,27,25
Mar-10,29,25
Mar-10,29,25
Mar-10,26,15
Mar-10,18,12
Mar-10,13,9
Mar-10,16,8
Mar-10,19,11
Mar-10,18,17
Mar-10,23,18
Mar-10,26,20
Mar-10,28,20
Mar-10,21,19
Mar-10,22,18
Mar-10,25,19
Mar-10,25,18
Mar-10,26,20
Mar-10,29,20
Mar-10,27,20
Mar-10,28,22
Mar-10,28,19
Mar-10,19,15
Mar-10,21,16
Mar-10,21,18
Mar-10,26,16
Mar-10,21,18
Mar-10,21,19
Mar-10,27,21
Apr-10,28,22
Apr-10,24,18
Apr-10,20,18
Apr-10,23,19
Apr-10,26,21
Apr-10,27,23
Apr-10,25,19
Apr-10,19,16
Apr-10,23,18
Apr-10,22,20
Apr-10,28,22
Apr-10,29,26
Apr-10,29,21
Apr-10,23,19
Apr-10,21,13
Apr-10,19,13
Apr-10,22,17
Apr-10,23,19
Apr-10,28,21
Apr-10,28,23
Apr-10,29,26
Apr-10,29,21
Apr-10,25,19
Apr-10,25,20
Apr-10,24,20
Apr-10,25,21
Apr-10,24,20
Apr-10,25,22
Apr-10,26,19
Apr-10,26,19
May-10,27,21
May-10,29,23
May-10,29,22
May-10,27,23
May-10,29,25
May-10,30,26
May-10,30,23
May-10,30,26
May-10,31,26
May-10,27,22
May-10,28,24
May-10,29,24
May-10,29,24
May-10,30,25
May-10,30,24
May-10,31,24
May-10,30,25
May-10,31,27
May-10,30,23
May-10,30,23
May-10,32,28
May-10,31,29
May-10,29,24
May-10,30,22
May-10,30,24
May-10,31,25
May-10,29,26
May-10,31,26
May-10,31,25
May-10,29,26
May-10,28,25
Jun-10,28,23
Jun-10,25,21
Jun-10,27,21
Jun-10,28,24
Jun-10,28,24
Jun-10,30,24
Jun-10,29,24
Jun-10,29,25
Jun-10,28,24
Jun-10,28,25
Jun-10,31,26
Jun-10,32,26
Jun-10,32,28
Jun-10,33,29
Jun-10,32,29
Jun-10,33,29
Jun-10,33,30
Jun-10,33,29
Jun-10,33,29
Jun-10,33,29
Jun-10,34,29
Jun-10,33,28
Jun-10,31,26
Jun-10,33,29
Jun-10,31,28
Jun-10,28,25
Jun-10,28,26
Jun-10,30,25
Jun-10,32,26
Jun-10,32,28
Jul-10,34,28
Jul-10,35,29
Jul-10,35,29
Jul-10,35,29
Jul-10,36,29
Jul-10,34,30
Jul-10,34,30
Jul-10,35,29
Jul-10,34,30
Jul-10,35,29
Jul-10,34,28
Jul-10,34,27
Jul-10,34,29
Jul-10,34,29
Jul-10,33,27
Jul-10,33,27
Jul-10,32,25
Jul-10,33,26
Jul-10,34,28
Jul-10,34,27
Jul-10,32,26
Jul-10,31,27
Jul-10,31,26
Jul-10,32,28
Jul-10,32,27
Jul-10,33,27
Jul-10,31,27
Jul-10,31,24
Jul-10,33,25
Jul-10,33,28
Jul-10,33,29
Aug-10,34,29
Aug-10,32,28
Aug-10,33,27
Aug-10,34,28
Aug-10,35,25
Aug-10,33,26
Aug-10,34,26
Aug-10,33,26
Aug-10,34,29
Aug-10,34,28
Aug-10,31,29
Aug-10,32,29
Aug-10,34,29
Aug-10,33,27
Aug-10,30,26
Aug-10,30,26
Aug-10,32,27
Aug-10,33,27
Aug-10,33,27
Aug-10,33,26
Aug-10,34,28
Aug-10,34,29
Aug-10,33,26
Aug-10,30,26
Aug-10,31,27
Aug-10,31,27
Aug-10,33,27
Aug-10,32,27
Aug-10,33,27
Aug-10,33,28
Aug-10,34,29
Sept-10,34,30
Sept-10,32,28
Sept-10,29,25
Sept-10,30,26
Sept-10,32,25
Sept-10,33,27
Sept-10,33,29
Sept-10,34,29
Sept-10,32,25
Sept-10,32,24
Sept-10,27,25
Sept-10,31,25
Sept-10,31,25
Sept-10,32,27
Sept-10,33,27
Sept-10,32,26
Sept-10,33,26
Sept-10,34,28
Sept-10,35,29
Sept-10,32,25
Sept-10,27,24
Sept-10,28,24
Sept-10,30,26
Sept-10,32,26
Sept-10,31,27
Sept-10,32,26
Sept-10,31,27
Sept-10,32,26
Sept-10,32,28
Sept-10,31,27
Oct-10,32,27
Oct-10,34,27
Oct-10,32,27
Oct-10,27,25
Oct-10,27,24
Oct-10,27,23
Oct-10,28,25
Oct-10,30,26
Oct-10,28,25
Oct-10,28,25
Oct-10,30,27
Oct-10,32,27
Oct-10,32,26
Oct-10,33,27
Oct-10,29,25
Oct-10,28,24
Oct-10,30,25
Oct-10,31,26
Oct-10,30,25
Oct-10,29,25
Oct-10,29,25
Oct-10,26,23
Oct-10,28,23
Oct-10,28,23
Oct-10,28,24
Oct-10,25,20
Oct-10,23,18
Oct-10,22,16
Oct-10,23,17
Oct-10,23,16
Oct-10,24,17
Nov-10,26,18
Nov-10,26,20
Nov-10,26,19
Nov-10,23,17
Nov-10,19,17
Nov-10,21,17
Nov-10,26,20
Nov-10,28,19
Nov-10,26,21
Nov-10,26,19
Nov-10,26,18
Nov-10,28,19
Nov-10,27,21
Nov-10,28,22
Nov-10,27,23
Nov-10,24,20
Nov-10,24,18
Nov-10,24,21
Nov-10,25,19
Nov-10,24,19
Nov-10,26,20
Nov-10,26,20
Nov-10,24,20
Nov-10,24,20
Nov-10,25,19
Nov-10,23,18
Nov-10,24,19
Nov-10,26,20
Nov-10,25,19
Nov-10,24,20
Dec-10,23,19
Dec-10,25,18
Dec-10,24,17
Dec-10,24,19
Dec-10,26,20
Dec-10,28,21
Dec-10,23,17
Dec-10,21,15
Dec-10,21,14
Dec-10,23,18
Dec-10,22,20
Dec-10,22,20
Dec-10,26,18
Dec-10,24,20
Dec-10,21,11
Dec-10,10,7
Dec-10,14,5
Dec-10,18,9
Dec-10,22,16
Dec-10,22,17
Dec-10,24,20
Dec-10,24,18
Dec-10,23,17
Dec-10,22,18
Dec-10,19,11
Dec-10,16,9
Dec-10,17,9
Dec-10,20,11
Dec-10,21,14
Dec-10,22,14
Dec-10,19,13
Jan-11,18,13
Jan-11,17,14
Jan-11,16,10
Jan-11,12,9
Jan-11,16,12
Jan-11,15,10
Jan-11,12,8
Jan-11,16,10
Jan-11,17,12
Jan-11,14,10
Jan-11,12,8
Jan-11,10,6
Jan-11,15,8
Jan-11,18,13
Jan-11,16,10
Jan-11,14,9
Jan-11,14,9
Jan-11,18,13
Jan-11,18,13
Jan-11,17,13
Jan-11,16,10
Jan-11,14,10
Jan-11,17,13
Jan-11,14,12
Jan-11,16,12
Jan-11,17,12
Jan-11,18,14
Jan-11,18,13
Jan-11,15,10
Jan-11,15,8
Jan-11,15,10
Feb-11,16,13
Feb-11,17,12
Feb-11,20,14
Feb-11,22,13
Feb-11,22,14
Feb-11,22,16
Feb-11,24,19
Feb-11,22,18
Feb-11,25,17
Feb-11,23,16
Feb-11,19,15
Feb-11,16,12
Feb-11,15,11
Feb-11,12,8
Feb-11,12,10
Feb-11,14,12
Feb-11,14,12
Feb-11,15,13
Feb-11,14,11
Feb-11,16,12
Feb-11,17,15
Feb-11,19,15
Feb-11,21,16
Feb-11,23,15
Feb-11,24,18
Feb-11,28,17
Feb-11,24,18
Feb-11,26,16
Mar-11,24,19
Mar-11,19,17
Mar-11,22,16
Mar-11,20,15
Mar-11,20,16
Mar-11,23,18
Mar-11,22,16
Mar-11,18,13
Mar-11,18,13
Mar-11,18,14
Mar-11,20,16
Mar-11,21,17
Mar-11,25,17
Mar-11,26,20
Mar-11,24,15
Mar-11,19,13
Mar-11,18,14
Mar-11,17,14
Mar-11,19,13
Mar-11,23,17
Mar-11,28,21
Mar-11,23,16
Mar-11,18,14
Mar-11,19,14
Mar-11,19,15
Mar-11,20,17
Mar-11,17,14
Mar-11,21,15
Mar-11,22,16
Mar-11,22,18
Mar-11,24,17
Apr-11,25,18
Apr-11,26,19
Apr-11,26,19
Apr-11,23,18
Apr-11,22,18
Apr-11,24,18
Apr-11,26,20
Apr-11,26,20
Apr-11,27,21
Apr-11,28,21
Apr-11,29,20
Apr-11,27,21
Apr-11,27,21
Apr-11,28,21
Apr-11,29,22
Apr-11,31,23
Apr-11,30,24
Apr-11,28,23
Apr-11,30,22
Apr-11,25,21
Apr-11,28,22
Apr-11,28,23
Apr-11,23,20
Apr-11,27,19
Apr-11,29,20
Apr-11,30,20
Apr-11,30,24
Apr-11,30,25
Apr-11,25,23
Apr-11,28,24
May-11,30,25
May-11,29,26
May-11,31,24
May-11,24,22
May-11,27,22
May-11,30,25
May-11,31,26
May-11,31,27
May-11,32,26
May-11,32,27
May-11,33,28
May-11,33,28
May-11,29,25
May-11,30,24
May-11,27,25
May-11,31,25
May-11,25,23
May-11,30,23
May-11,30,25
May-11,30,25
May-11,31,25
May-11,28,23
May-11,25,22
May-11,25,20
May-11,26,20
May-11,29,23
May-11,30,24
May-11,31,24
May-11,31,25
May-11,30,25
May-11,32,23
Jun-11,32,26
Jun-11,32,26
Jun-11,32,27
Jun-11,32,27
Jun-11,32,28
Jun-11,34,29
Jun-11,34,29
Jun-11,33,29
Jun-11,33,29
Jun-11,35,28
Jun-11,35,26
Jun-11,30,25
Jun-11,32,27
Jun-11,33,27
Jun-11,33,29
Jun-11,30,25
Jun-11,31,27
Jun-11,32,27
Jun-11,33,28
Jun-11,34,28
Jun-11,36,28
Jun-11,29,26
Jun-11,30,25
Jun-11,33,28
Jun-11,33,27
Jun-11,30,28
Jun-11,34,29
Jun-11,30,25
Jun-11,29,24
Jun-11,29,26
Jul-11,32,28
Jul-11,32,28
Jul-11,32,28
Jul-11,33,28
Jul-11,34,28
Jul-11,34,29
Jul-11,34,29
Jul-11,35,29
Jul-11,35,27
Jul-11,33,28
Jul-11,32,28
Jul-11,30,28
Jul-11,33,27
Jul-11,31,26
Jul-11,30,26
Jul-11,29,26
Jul-11,32,28
Jul-11,33,26
Jul-11,30,26
Jul-11,30,26
Jul-11,32,27
Jul-11,32,28
Jul-11,33,28
Jul-11,33,27
Jul-11,35,28
Jul-11,33,29
Jul-11,35,28
Jul-11,36,27
Jul-11,32,26
Jul-11,33,27
Jul-11,33,27
Aug-11,34,27
Aug-11,34,27
Aug-11,34,27
Aug-11,34,28
Aug-11,34,28
Aug-11,35,28
Aug-11,34,30
Aug-11,33,27
Aug-11,31,27
Aug-11,28,25
Aug-11,32,26
Aug-11,32,28
Aug-11,34,28
Aug-11,33,29
Aug-11,33,29
Aug-11,34,28
Aug-11,33,28
Aug-11,34,28
Aug-11,34,28
Aug-11,34,28
Aug-11,31,29
Aug-11,33,28
Aug-11,34,29
Aug-11,35,28
Aug-11,33,29
Aug-11,33,28
Aug-11,35,28
Aug-11,35,29
Aug-11,35,30
Aug-11,36,30
Aug-11,36,30
Sept-11,30,28
Sept-11,33,28
Sept-11,32,26
Sept-11,33,28
Sept-11,33,28
Sept-11,33,28
Sept-11,33,28
Sept-11,34,28
Sept-11,35,28
Sept-11,34,29
Sept-11,33,27
Sept-11,34,27
Sept-11,34,28
Sept-11,34,27
Sept-11,34,26
Sept-11,34,28
Sept-11,35,28
Sept-11,31,29
Sept-11,33,25
Sept-11,28,25
Sept-11,30,23
Sept-11,29,24
Sept-11,28,24
Sept-11,29,24
Sept-11,27,24
Sept-11,32,25
Sept-11,32,27
Sept-11,34,27
Sept-11,30,26
Sept-11,31,26
Oct-11,30,26
Oct-11,29,25
Oct-11,26,21
Oct-11,26,21
Oct-11,27,23
Oct-11,27,23
Oct-11,29,25
Oct-11,29,25
Oct-11,30,25
Oct-11,31,25
Oct-11,27,25
Oct-11,27,24
Oct-11,30,25
Oct-11,29,25
Oct-11,29,23
Oct-11,28,23
Oct-11,29,23
Oct-11,28,22
Oct-11,28,24
Oct-11,27,23
Oct-11,28,22
Oct-11,30,23
Oct-11,29,25
Oct-11,30,23
Oct-11,28,24
Oct-11,25,22
Oct-11,28,23
Oct-11,28,24
Oct-11,27,22
Oct-11,27,22
Oct-11,29,24
Nov-11,28,23
Nov-11,29,24
Nov-11,30,24
Nov-11,32,26
Nov-11,31,25
Nov-11,31,27
Nov-11,30,26
Nov-11,26,22
Nov-11,22,19
Nov-11,21,17
Nov-11,22,17
Nov-11,25,19
Nov-11,26,21
Nov-11,27,23
Nov-11,28,23
Nov-11,27,23
Nov-11,25,23
Nov-11,27,23
Nov-11,29,24
Nov-11,25,22
Nov-11,25,22
Nov-11,25,21
Nov-11,26,22
Nov-11,23,20
Nov-11,23,20
Nov-11,24,21
Nov-11,27,19
Nov-11,27,20
Nov-11,27,22
Nov-11,26,22
Dec-11,23,14
Dec-11,18,13
Dec-11,19,11
Dec-11,22,15
Dec-11,22,19
Dec-11,24,19
Dec-11,25,21
Dec-11,22,16
Dec-11,16,13
Dec-11,17,11
Dec-11,16,10
Dec-11,18,12
Dec-11,20,14
Dec-11,21,18
Dec-11,22,17
Dec-11,20,15
Dec-11,18,14
Dec-11,20,14
Dec-11,19,14
Dec-11,20,17
Dec-11,22,18
Dec-11,21,17
Dec-11,17,12
Dec-11,16,11
Dec-11,17,10
Dec-11,19,14
Dec-11,21,15
Dec-11,21,15
Dec-11,22,16
Dec-11,20,17
Dec-11,20,16
Jan-12,19,16
Jan-12,20,16
Jan-12,17,11
Jan-12,11,9
Jan-12,13,9
Jan-12,15,12
Jan-12,17,13
Jan-12,17,13
Jan-12,18,13
Jan-12,18,15
Jan-12,17,14
Jan-12,17,14
Jan-12,19,16
Jan-12,17,16
Jan-12,17,15
Jan-12,19,14
Jan-12,23,17
Jan-12,23,18
Jan-12,21,17
Jan-12,19,16
Jan-12,17,10
Jan-12,11,8
Jan-12,11,8
Jan-12,8,7
Jan-12,12,7
Jan-12,15,11
Jan-12,19,14
Jan-12,15,12
Jan-12,17,14
Jan-12,17,13
Feb-12,20,13
Feb-12,19,16
Feb-12,16,13
Feb-12,20,15
Feb-12,21,17
Feb-12,23,19
Feb-12,23,12
Feb-12,13,11
Feb-12,15,11
Feb-12,17,12
Feb-12,14,10
Feb-12,19,13
Feb-12,25,15
Feb-12,23,19
Feb-12,25,18
Feb-12,19,15
Feb-12,17,13
Feb-12,16,12
Feb-12,17,13
Feb-12,18,14
Feb-12,21,17
Feb-12,23,18
Feb-12,27,21
Feb-12,24,18
Feb-12,19,15
Feb-12,15,12
Feb-12,12,10
Feb-12,16,9
Feb-12,17,15
Mar-12,21,15
Mar-12,26,17
Mar-12,22,19
Mar-12,24,18
Mar-12,27,21
Mar-12,27,24
Mar-12,26,19
Mar-12,20,17
Mar-12,18,14
Mar-12,15,12
Mar-12,15,12
Mar-12,14,12
Mar-12,16,13
Mar-12,20,15
Mar-12,22,17
Mar-12,27,20
Mar-12,27,20
Mar-12,30,20
Mar-12,25,20
Mar-12,26,20
Mar-12,21,19
Mar-12,26,19
Mar-12,25,16
Mar-12,22,13
Mar-12,23,16
Mar-12,26,17
Mar-12,25,19
Mar-12,26,20
Mar-12,27,21
Mar-12,27,22
Mar-12,27,20
Apr-12,25,19
Apr-12,26,21
Apr-12,28,23
Apr-12,25,22
Apr-12,26,21
Apr-12,22,19
Apr-12,23,19
Apr-12,24,20
Apr-12,27,20
Apr-12,28,22
Apr-12,30,23
Apr-12,29,24
Apr-12,30,25
Apr-12,29,25
Apr-12,31,26
Apr-12,30,23
Apr-12,26,21
Apr-12,26,22
Apr-12,25,23
Apr-12,25,21
Apr-12,27,22
Apr-12,30,22
Apr-12,28,25
Apr-12,29,26
Apr-12,31,23
Apr-12,28,23
Apr-12,26,22
Apr-12,28,22
Apr-12,31,24
Apr-12,31,28
May-12,32,28
May-12,33,29
May-12,32,29
May-12,32,26
May-12,29,25
May-12,30,25
May-12,30,26
May-12,33,27
May-12,34,28
May-12,34,29
May-12,30,27
May-12,31,26
May-12,32,26
May-12,32,27
May-12,31,27
May-12,30,27
May-12,31,27
May-12,29,25
May-12,31,26
May-12,32,26
May-12,30,26
May-12,29,25
May-12,30,25
May-12,30,26
May-12,33,27
May-12,31,28
May-12,31,27
May-12,30,26
May-12,29,26
May-12,31,26
May-12,32,27
Jun-12,31,26
Jun-12,31,26
Jun-12,31,26
Jun-12,32,27
Jun-12,33,27
Jun-12,34,27
Jun-12,33,28
Jun-12,34,29
Jun-12,33,28
Jun-12,33,27
Jun-12,33,28
Jun-12,32,27
Jun-12,30,26
Jun-12,32,27
Jun-12,32,28
Jun-12,30,26
Jun-12,31,26
Jun-12,31,27
Jun-12,32,27
Jun-12,34,28
Jun-12,31,27
Jun-12,31,27
Jun-12,32,29
Jun-12,31,29
Jun-12,31,28
Jun-12,32,29
Jun-12,31,28
Jun-12,33,27
Jun-12,34,28
Jun-12,29,26
Jul-12,32,27
Jul-12,32,27
Jul-12,33,27
Jul-12,34,27
Jul-12,30,27
Jul-12,32,27
Jul-12,32,28
Jul-12,31,27
Jul-12,33,28
Jul-12,33,29
Jul-12,33,29
Jul-12,33,29
Jul-12,33,27
Jul-12,34,28
Jul-12,34,28
Jul-12,34,29
Jul-12,33,29
Jul-12,33,24
Jul-12,34,29
Jul-12,34,29
Jul-12,36,30
Jul-12,33,28
Jul-12,28,26
Jul-12,29,26
Jul-12,29,25
Jul-12,27,26
Jul-12,28,25
Jul-12,32,26
Jul-12,32,26
Jul-12,33,26
Jul-12,34,28
Aug-12,35,27
Aug-12,36,30
Aug-12,33,30
Aug-12,32,30
Aug-12,33,29
Aug-12,32,27
Aug-12,34,27
Aug-12,35,29
Aug-12,35,29
Aug-12,34,28
Aug-12,30,27
Aug-12,30,26
Aug-12,32,27
Aug-12,33,28
Aug-12,34,27
Aug-12,34,27
Aug-12,31,26
Aug-12,32,28
Aug-12,33,28
Aug-12,33,27
Aug-12,32,28
Aug-12,29,27
Aug-12,33,26
Aug-12,33,28
Aug-12,33,28
Aug-12,33,30
Aug-12,35,29
Aug-12,35,29
Aug-12,33,26
Aug-12,34,29
Aug-12,32,27
Sept-12,33,26
Sept-12,33,26
Sept-12,33,28
Sept-12,32,27
Sept-12,32,27
Sept-12,34,27
Sept-12,33,28
Sept-12,33,27
Sept-12,32,28
Sept-12,33,28
Sept-12,33,28
Sept-12,33,28
Sept-12,33,26
Sept-12,29,25
Sept-12,30,24
Sept-12,30,25
Sept-12,30,25
Sept-12,30,25
Sept-12,30,26
Sept-12,30,26
Sept-12,32,27
Sept-12,32,27
Sept-12,33,27
Sept-12,33,26
Sept-12,31,26
Sept-12,30,27
Sept-12,33,26
Sept-12,32,27
Sept-12,31,26
Sept-12,30,25
Oct-12,29,25
Oct-12,30,25
Oct-12,30,25
Oct-12,30,24
Oct-12,31,25
Oct-12,31,26
Oct-12,31,26
Oct-12,30,26
Oct-12,30,24
Oct-12,30,26
Oct-12,30,25
Oct-12,29,24
Oct-12,29,23
Oct-12,29,24
Oct-12,30,25
Oct-12,29,25
Oct-12,30,25
Oct-12,27,24
Oct-12,29,24
Oct-12,29,24
Oct-12,30,23
Oct-12,30,23
Oct-12,30,23
Oct-12,30,24
Oct-12,30,25
Oct-12,28,23
Oct-12,29,25
Oct-12,30,25
Oct-12,28,26
Oct-12,26,20
Oct-12,25,18
Nov-12,25,19
Nov-12,26,21
Nov-12,28,23
Nov-12,28,22
Nov-12,27,22
Nov-12,27,23
Nov-12,26,23
Nov-12,28,23
Nov-12,29,25
Nov-12,29,25
Nov-12,25,21
Nov-12,24,20
Nov-12,26,21
Nov-12,27,22
Nov-12,25,23
Nov-12,25,23
Nov-12,24,18
Nov-12,22,18
Nov-12,25,21
Nov-12,24,22
Nov-12,25,23
Nov-12,30,24
Nov-12,27,19
Nov-12,22,16
Nov-12,25,21
Nov-12,23,14
Nov-12,20,13
Nov-12,21,18
Nov-12,22,19
Nov-12,23,19
Dec-12,25,19
Dec-12,19,16
Dec-12,18,15
Dec-12,19,15
Dec-12,18,15
Dec-12,20,13
Dec-12,22,17
Dec-12,22,18
Dec-12,23,18
Dec-12,21,18
Dec-12,21,17
Dec-12,22,15
Dec-12,23,18
Dec-12,24,20
Dec-12,25,21
Dec-12,27,21
Dec-12,25,22
Dec-12,22,13
Dec-12,18,12
Dec-12,21,17
Dec-12,26,19
Dec-12,19,14
Dec-12,16,10
Dec-12,17,9
Dec-12,20,15
Dec-12,21,18
Dec-12,20,17
Dec-12,23,17
Dec-12,21,12
Dec-12,13,9
Dec-12,13,7
Jan-13,17,10
Jan-13,19,16
Jan-13,19,13
Jan-13,13,10
Jan-13,15,10
Jan-13,14,12
Jan-13,16,13
Jan-13,19,15
Jan-13,17,14
Jan-13,16,12
Jan-13,18,15
Jan-13,18,14
Jan-13,19,14
Jan-13,19,12
Jan-13,18,14
Jan-13,21,14
Jan-13,22,15
Jan-13,17,14
Jan-13,18,13
Jan-13,21,17
Jan-13,25,20
Jan-13,25,19
Jan-13,21,17
Jan-13,23,18
Jan-13,20,17
Jan-13,22,17
Jan-13,19,16
Jan-13,21,15
Jan-13,21,17
Jan-13,22,18
Jan-13,24,18
Feb-13,25,19
Feb-13,26,19
Feb-13,22,19
Feb-13,25,20
Feb-13,27,21
Feb-13,25,21
Feb-13,25,19
Feb-13,20,13
Feb-13,15,11
Feb-13,17,13
Feb-13,23,16
Feb-13,22,17
Feb-13,19,15
Feb-13,22,17
Feb-13,24,18
Feb-13,20,17
Feb-13,22,17
Feb-13,23,18
Feb-13,24,18
Feb-13,18,16
Feb-13,20,17
Feb-13,21,17
Feb-13,20,16
Feb-13,21,17
Feb-13,24,19
Feb-13,26,21
Feb-13,26,21
Feb-13,22,19
Mar-13,25,20
Mar-13,24,15
Mar-13,17,13
Mar-13,20,13
Mar-13,24,16
Mar-13,24,17
Mar-13,25,16
Mar-13,27,17
Mar-13,26,18
Mar-13,25,18
Mar-13,25,19
Mar-13,25,19
Mar-13,27,21
Mar-13,23,19
Mar-13,24,18
Mar-13,25,19
Mar-13,26,20
Mar-13,28,22
Mar-13,26,23
Mar-13,30,23
Mar-13,25,20
Mar-13,27,20
Mar-13,27,22
Mar-13,26,22
Mar-13,25,21
Mar-13,25,20
Mar-13,22,20
Mar-13,22,19
Mar-13,22,20
Mar-13,21,19
Mar-13,22,20
Apr-13,23,19
Apr-13,24,21
Apr-13,21,20
Apr-13,25,19
Apr-13,29,21
Apr-13,23,18
Apr-13,20,16
Apr-13,21,19
Apr-13,22,18
Apr-13,20,18
Apr-13,20,17
Apr-13,20,16
Apr-13,23,18
Apr-13,26,20
Apr-13,27,20
Apr-13,27,22
Apr-13,27,23
Apr-13,30,23
Apr-13,28,23
Apr-13,30,22
Apr-13,25,21
Apr-13,23,20
Apr-13,28,21
Apr-13,28,23
Apr-13,31,23
Apr-13,24,22
Apr-13,25,22
Apr-13,26,21
Apr-13,27,23
Apr-13,31,22
May-13,26,21
May-13,23,18
May-13,23,19
May-13,24,19
May-13,26,22
May-13,26,22
May-13,28,23
May-13,25,23
May-13,30,24
May-13,29,25
May-13,30,23
May-13,30,25
May-13,31,25
May-13,30,26
May-13,32,27
May-13,31,25
May-13,30,26
May-13,33,27
May-13,33,28
May-13,32,25
May-13,31,24
May-13,27,23
May-13,30,25
May-13,31,26
May-13,28,24
May-13,30,27
May-13,31,29
May-13,32,28
May-13,32,29
May-13,32,28
May-13,34,27
Jun-13,34,29
Jun-13,34,29
Jun-13,35,28
Jun-13,32,25
Jun-13,31,27
Jun-13,30,25
Jun-13,33,28
Jun-13,33,29
Jun-13,33,28
Jun-13,33,25
Jun-13,29,23
Jun-13,28,24
Jun-13,28,23
Jun-13,27,24
Jun-13,28,26
Jun-13,31,27
Jun-13,32,28
Jun-13,32,28
Jun-13,34,28
Jun-13,34,29
Jun-13,36,28
Jun-13,31,25
Jun-13,30,26
Jun-13,31,25
Jun-13,32,29
Jun-13,33,29
Jun-13,33,29
Jun-13,33,29
Jun-13,33,29
Jun-13,34,29
Jul-13,34,26
Jul-13,32,28
Jul-13,32,28
Jul-13,32,28
Jul-13,34,28
Jul-13,32,27
Jul-13,32,26
Jul-13,31,28
Jul-13,32,28
Jul-13,31,27
Jul-13,33,28
Jul-13,34,29
Jul-13,35,29
Jul-13,33,27
Jul-13,31,25
Jul-13,28,25
Jul-13,31,26
Jul-13,32,26
Jul-13,32,27
Jul-13,31,27
Jul-13,32,27
Jul-13,32,28
Jul-13,32,28
Jul-13,29,25
Jul-13,28,25
Jul-13,29,25
Jul-13,31,26
Jul-13,32,26
Jul-13,32,27
Jul-13,32,27
Jul-13,34,29
Aug-13,33,28
Aug-13,31,26
Aug-13,31,26
Aug-13,33,28
Aug-13,33,26
Aug-13,34,28
Aug-13,33,27
Aug-13,33,28
Aug-13,33,28
Aug-13,34,28
Aug-13,34,28
Aug-13,34,28
Aug-13,31,27
Aug-13,29,26
Aug-13,30,28
Aug-13,30,27
Aug-13,30,27
Aug-13,30,28
Aug-13,31,27
Aug-13,32,27
Aug-13,32,28
Aug-13,32,25
Aug-13,30,26
Aug-13,31,27
Aug-13,31,27
Aug-13,32,27
Aug-13,33,27
Aug-13,33,27
Aug-13,34,27
Aug-13,31,26
Aug-13,32,26
Sept-13,31,26
Sept-13,32,25
Sept-13,28,26
Sept-13,28,25
Sept-13,27,24
Sept-13,31,26
Sept-13,32,26
Sept-13,32,27
Sept-13,33,27
Sept-13,33,27
Sept-13,33,28
Sept-13,33,28
Sept-13,33,27
Sept-13,33,27
Sept-13,33,27
Sept-13,33,28
Sept-13,32,28
Sept-13,32,27
Sept-13,34,27
Sept-13,34,28
Sept-13,34,30
Sept-13,31,26
Sept-13,32,25
Sept-13,32,27
Sept-13,33,28
Sept-13,31,26
Sept-13,29,24
Sept-13,30,26
Sept-13,27,25
Sept-13,28,24
Oct-13,31,27
Oct-13,32,26
Oct-13,30,24
Oct-13,30,24
Oct-13,30,24
Oct-13,30,25
Oct-13,31,26
Oct-13,29,26
Oct-13,31,25
Oct-13,31,26
Oct-13,32,26
Oct-13,32,27
Oct-13,32,27
Oct-13,30,26
Oct-13,32,26
Oct-13,30,24
Oct-13,28,25
Oct-13,29,24
Oct-13,28,23
Oct-13,28,24
Oct-13,28,23
Oct-13,29,24
Oct-13,28,22
Oct-13,28,22
Oct-13,29,23
Oct-13,26,19
Oct-13,27,20
Oct-13,28,22
Oct-13,28,23
Oct-13,29,24
Oct-13,28,23
Nov-13,31,22
Nov-13,29,25
Nov-13,29,24
Nov-13,26,21
Nov-13,25,21
Nov-13,28,23
Nov-13,29,23
Nov-13,28,24
Nov-13,30,23
Nov-13,28,25
Nov-13,27,24
Nov-13,25,22
Nov-13,22,19
Nov-13,22,19
Nov-13,25,18
Nov-13,24,19
Nov-13,24,19
Nov-13,26,19
Nov-13,22,19
Nov-13,23,20
Nov-13,24,18
Nov-13,25,20
Nov-13,26,21
Nov-13,26,21
Nov-13,23,17
Nov-13,23,18
Nov-13,24,15
Nov-13,20,13
Nov-13,19,14
Nov-13,19,13
Dec-13,21,14
Dec-13,22,13
Dec-13,23,16
Dec-13,25,17
Dec-13,22,14
Dec-13,23,15
Dec-13,22,16
Dec-13,23,18
Dec-13,24,20
Dec-13,22,18
Dec-13,21,18
Dec-13,21,16
Dec-13,20,16
Dec-13,21,17
Dec-13,18,16
Dec-13,16,12
Dec-13,12,11
Dec-13,13,10
Dec-13,15,9
Dec-13,17,11
Dec-13,17,14
Dec-13,15,11
Dec-13,18,11
Dec-13,17,11
Dec-13,17,13
Dec-13,19,12
Dec-13,16,11
Dec-13,14,9
Dec-13,15,9
Dec-13,17,10
Dec-13,18,11
Jan-14,19,12
Jan-14,20,14
Jan-14,23,18
Jan-14,21,17
Jan-14,21,14
Jan-14,21,15
Jan-14,21,17
Jan-14,21,16
Jan-14,17,14
Jan-14,18,15
Jan-14,22,14
Jan-14,20,15
Jan-14,15,12
Jan-14,17,10
Jan-14,19,11
Jan-14,18,12
Jan-14,19,12
Jan-14,20,14
Jan-14,17,13
Jan-14,21,13
Jan-14,18,13
Jan-14,16,11
Jan-14,17,12
Jan-14,21,13
Jan-14,21,17
Jan-14,23,18
Jan-14,22,16
Jan-14,21,15
Jan-14,24,15
Jan-14,22,15
Jan-14,25,16
Feb-14,24,17
Feb-14,24,17
Feb-14,26,17
Feb-14,21,18
Feb-14,22,16
Feb-14,22,18
Feb-14,25,17
Feb-14,17,14
Feb-14,17,10
Feb-14,10,8
Feb-14,9,7
Feb-14,10,6
Feb-14,9,7
Feb-14,14,7
Feb-14,15,9
Feb-14,18,14
Feb-14,23,16
Feb-14,20,11
Feb-14,11,8
Feb-14,16,7
Feb-14,17,12
Feb-14,19,14
Feb-14,21,15
Feb-14,21,16
Feb-14,23,18
Feb-14,24,19
Feb-14,25,19
Feb-14,22,18
Mar-14,25,19
Mar-14,22,17
Mar-14,18,16
Mar-14,20,16
Mar-14,18,16
Mar-14,18,16
Mar-14,16,15
Mar-14,18,15
Mar-14,16,14
Mar-14,16,14
Mar-14,18,15
Mar-14,24,17
Mar-14,23,19
Mar-14,21,16
Mar-14,19,16
Mar-14,22,18
Mar-14,24,18
Mar-14,26,19
Mar-14,27,20
Mar-14,27,19
Mar-14,19,16
Mar-14,20,15
Mar-14,24,17
Mar-14,26,18
Mar-14,27,20
Mar-14,26,21
Mar-14,28,21
Mar-14,29,22
Mar-14,25,21
Mar-14,26,21
Mar-14,23,20
Apr-14,23,21
Apr-14,24,20
Apr-14,23,19
Apr-14,25,20
Apr-14,27,18
Apr-14,24,19
Apr-14,22,19
Apr-14,24,20
Apr-14,27,21
Apr-14,25,22
Apr-14,28,22
Apr-14,29,23
Apr-14,30,23
Apr-14,27,23
Apr-14,26,22
Apr-14,27,22
Apr-14,30,23
Apr-14,29,23
Apr-14,29,23
Apr-14,29,25
Apr-14,28,24
Apr-14,29,24
Apr-14,27,23
Apr-14,25,22
Apr-14,28,23
Apr-14,30,23
Apr-14,29,22
Apr-14,28,24
Apr-14,28,24
Apr-14,26,22
May-14,27,22
May-14,29,23
May-14,30,25
May-14,26,23
May-14,25,20
May-14,21,19
May-14,23,21
May-14,26,22
May-14,24,21
May-14,28,23
May-14,28,22
May-14,30,25
May-14,31,26
May-14,32,28
May-14,32,29
May-14,32,27
May-14,32,27
May-14,31,29
May-14,33,25
May-14,33,24
May-14,32,24
May-14,31,28
May-14,30,26
May-14,32,27
May-14,33,27
May-14,33,28
May-14,34,29
May-14,33,28
May-14,34,29
May-14,34,29
May-14,34,29
Jun-14,35,29
Jun-14,34,29
Jun-14,33,29
Jun-14,35,29
Jun-14,33,28
Jun-14,32,27
Jun-14,30,26
Jun-14,34,28
Jun-14,32,27
Jun-14,32,28
Jun-14,31,27
Jun-14,33,28
Jun-14,36,26
Jun-14,34,28
Jun-14,33,26
Jun-14,35,29
Jun-14,33,29
Jun-14,34,27
Jun-14,34,29
Jun-14,32,29
Jun-14,33,28
Jun-14,30,26
Jun-14,31,25
Jun-14,30,26
Jun-14,31,27
Jun-14,34,28
Jun-14,34,29
Jun-14,34,29
Jun-14,34,28
Jun-14,33,28
Jul-14,32,27
Jul-14,33,29
Jul-14,34,28
Jul-14,34,30
Jul-14,35,30
Jul-14,35,29
Jul-14,32,27
Jul-14,35,28
Jul-14,35,28
Jul-14,34,28
Jul-14,32,27
Jul-14,33,27
Jul-14,33,29
Jul-14,33,29
Jul-14,33,29
Jul-14,34,29
Jul-14,34,27
Jul-14,31,26
Jul-14,33,28
Jul-14,34,27
Jul-14,33,28
Jul-14,35,28
Jul-14,34,30
Jul-14,33,27
Jul-14,33,27
Jul-14,31,26
Jul-14,32,26
Jul-14,33,28
Jul-14,34,28
Jul-14,34,28
Jul-14,35,29
Aug-14,36,25
Aug-14,35,26
Aug-14,33,26
Aug-14,34,28
Aug-14,33,29
Aug-14,32,27
Aug-14,33,27
Aug-14,33,29
Aug-14,34,29
Aug-14,34,29
Aug-14,33,30
Aug-14,33,29
Aug-14,30,25
Aug-14,31,27
Aug-14,33,28
Aug-14,34,29
Aug-14,34,28
Aug-14,34,29
Aug-14,33,25
Aug-14,29,24
Aug-14,31,27
Aug-14,31,28
Aug-14,32,28
Aug-14,33,28
Aug-14,33,27
Aug-14,34,28
Aug-14,33,28
Aug-14,33,28
Aug-14,33,28
Aug-14,35,28
Aug-14,33,27
Sept-14,34,29
Sept-14,34,28
Sept-14,35,29
Sept-14,34,29
Sept-14,34,29
Sept-14,34,28
Sept-14,35,29
Sept-14,31,29
Sept-14,34,29
Sept-14,34,28
Sept-14,33,28
Sept-14,31,26
Sept-14,33,27
Sept-14,34,28
Sept-14,34,29
Sept-14,31,27
Sept-14,32,28
Sept-14,33,27
Sept-14,35,28
Sept-14,32,28
Sept-14,30,27
Sept-14,30,26
Sept-14,32,26
Sept-14,32,27
Sept-14,32,27
Sept-14,32,27
Sept-14,33,27
Sept-14,33,27
Sept-14,34,27
Sept-14,35,28
Oct-14,35,26
Oct-14,33,27
Oct-14,33,27
Oct-14,31,27
Oct-14,32,26
Oct-14,32,25
Oct-14,31,25
Oct-14,30,24
Oct-14,31,25
Oct-14,30,24
Oct-14,31,25
Oct-14,31,26
Oct-14,30,25
Oct-14,29,24
Oct-14,29,23
Oct-14,30,25
Oct-14,29,24
Oct-14,30,24
Oct-14,30,25
Oct-14,31,26
Oct-14,32,25
Oct-14,32,26
Oct-14,28,24
Oct-14,28,25
Oct-14,28,25
Oct-14,31,25
Oct-14,32,25
Oct-14,29,25
Oct-14,30,24
Oct-14,30,25
Oct-14,29,25
Nov-14,30,24
Nov-14,28,24
Nov-14,23,21
Nov-14,24,22
Nov-14,27,24
Nov-14,28,22
Nov-14,26,21
Nov-14,23,19
Nov-14,26,20
Nov-14,26,22
Nov-14,27,22
Nov-14,24,19
Nov-14,22,18
Nov-14,23,19
Nov-14,27,21
Nov-14,27,21
Nov-14,25,20
Nov-14,24,19
Nov-14,24,20
Nov-14,26,21
Nov-14,27,21
Nov-14,27,21
Nov-14,28,22
Nov-14,28,23
Nov-14,28,22
Nov-14,26,23
Nov-14,25,23
Nov-14,27,23
Nov-14,27,24
Nov-14,28,24
Dec-14,26,15
Dec-14,18,15
Dec-14,21,17
Dec-14,18,13
Dec-14,18,13
Dec-14,21,16
Dec-14,20,17
Dec-14,20,15
Dec-14,23,18
Dec-14,23,19
Dec-14,22,18
Dec-14,17,14
Dec-14,18,11
Dec-14,20,13
Dec-14,21,17
Dec-14,20,15
Dec-14,17,11
Dec-14,16,12
Dec-14,15,11
Dec-14,20,12
Dec-14,21,15
Dec-14,17,11
Dec-14,16,14
Dec-14,21,15
Dec-14,21,16
Dec-14,18,16
Dec-14,18,15
Dec-14,16,13
Dec-14,19,11
Dec-14,19,11
Dec-14,21,12
Jan-15,21,13
Jan-15,19,14
Jan-15,21,14
Jan-15,21,16
Jan-15,23,19
Jan-15,25,19
Jan-15,20,17
Jan-15,19,14
Jan-15,18,14
Jan-15,22,14
Jan-15,19,15
Jan-15,18,12
Jan-15,15,12
Jan-15,17,11
Jan-15,18,11
Jan-15,20,15
Jan-15,20,13
Jan-15,20,14
Jan-15,20,12
Jan-15,20,15
Jan-15,22,14
Jan-15,23,14
Jan-15,21,15
Jan-15,21,17
Jan-15,23,18
Jan-15,23,18
Jan-15,22,18
Jan-15,21,17
Jan-15,22,16
Jan-15,19,16
Jan-15,17,14
Feb-15,18,14
Feb-15,20,15
Feb-15,21,17
Feb-15,18,15
Feb-15,16,12
Feb-15,16,11
Feb-15,19,15
Feb-15,20,14
Feb-15,18,14
Feb-15,19,13
Feb-15,19,14
Feb-15,22,14
Feb-15,22,16
Feb-15,22,18
Feb-15,21,18
Feb-15,23,19
Feb-15,24,18
Feb-15,22,18
Feb-15,20,17
Feb-15,22,17
Feb-15,24,19
Feb-15,24,20
Feb-15,22,19
Feb-15,24,19
Feb-15,26,20
Feb-15,28,21
Feb-15,23,20
Feb-15,22,19
Mar-15,23,18
Mar-15,20,18
Mar-15,25,18
Mar-15,19,17
Mar-15,22,17
Mar-15,19,17
Mar-15,20,17
Mar-15,23,18
Mar-15,25,19
Mar-15,21,17
Mar-15,19,16
Mar-15,17,15
Mar-15,20,17
Mar-15,24,19
Mar-15,26,21
Mar-15,27,23
Mar-15,27,22
Mar-15,27,23
Mar-15,28,24
Mar-15,29,22
Mar-15,27,21
Mar-15,25,21
Mar-15,26,20
Mar-15,24,19
Mar-15,20,17
Mar-15,21,18
Mar-15,23,19
Mar-15,26,20
Mar-15,27,21
Mar-15,27,22
Mar-15,27,23
Apr-15,28,24
Apr-15,27,24
Apr-15,28,26
Apr-15,29,26
Apr-15,31,25
Apr-15,30,24
Apr-15,30,23
Apr-15,22,16
Apr-15,19,15
Apr-15,19,16
Apr-15,18,16
Apr-15,24,17
Apr-15,26,18
Apr-15,26,18
Apr-15,27,18
Apr-15,28,19
Apr-15,27,21
Apr-15,30,24
Apr-15,29,26
Apr-15,30,22
Apr-15,26,22
Apr-15,26,22
Apr-15,25,23
Apr-15,28,23
Apr-15,28,23
Apr-15,28,23
Apr-15,29,23
Apr-15,30,23
Apr-15,32,25
Apr-15,31,25
May-15,30,27
May-15,31,27
May-15,32,28
May-15,32,28
May-15,31,26
May-15,29,26
May-15,32,28
May-15,32,28
May-15,33,25
May-15,30,25
May-15,30,23
May-15,29,24
May-15,29,26
May-15,31,28
May-15,33,28
May-15,29,25
May-15,30,25
May-15,31,28
May-15,30,28
May-15,31,25
May-15,28,25
May-15,27,24
May-15,30,25
May-15,29,25
May-15,33,26
May-15,30,26
May-15,33,29
May-15,33,30
May-15,34,30
May-15,34,26
May-15,32,28
Jun-15,32,29
Jun-15,33,29
Jun-15,34,29
Jun-15,34,29
Jun-15,33,26
Jun-15,32,27
Jun-15,33,29
Jun-15,33,29
Jun-15,34,29
Jun-15,34,28
Jun-15,33,28
Jun-15,33,28
Jun-15,33,30
Jun-15,33,27
Jun-15,34,29
Jun-15,34,28
Jun-15,34,29
Jun-15,35,30
Jun-15,36,30
Jun-15,34,29
Jun-15,35,27
Jun-15,32,27
Jun-15,32,25
Jun-15,31,26
Jun-15,31,28
Jun-15,33,28
Jun-15,34,30
Jun-15,34,30
Jun-15,34,29
Jun-15,35,30
Jul-15,34,30
Jul-15,34,30
Jul-15,34,30
Jul-15,34,30
Jul-15,34,29
Jul-15,32,29
Jul-15,32,28
Jul-15,31,27
Jul-15,31,25
Jul-15,34,26
Jul-15,34,28
Jul-15,35,29
Jul-15,34,29
Jul-15,34,29
Jul-15,34,28
Jul-15,34,28
Jul-15,31,25
Jul-15,33,27
Jul-15,35,28
Jul-15,30,26
Jul-15,29,25
Jul-15,30,27
Jul-15,31,26
Jul-15,31,28
Jul-15,32,28
Jul-15,32,27
Jul-15,33,28
Jul-15,33,28
Jul-15,31,28
Jul-15,32,27
Jul-15,33,27
Aug-15,34,27
Aug-15,32,27
Aug-15,33,27
Aug-15,34,27
Aug-15,34,27
Aug-15,35,28
Aug-15,36,29
Aug-15,36,30
Aug-15,37,28
Aug-15,32,26
Aug-15,34,28
Aug-15,34,29
Aug-15,31,28
Aug-15,31,25
Aug-15,30,26
Aug-15,33,29
Aug-15,33,29
Aug-15,34,29
Aug-15,34,29
Aug-15,33,29
Aug-15,34,27
Aug-15,34,29
Aug-15,34,30
Aug-15,35,29
Aug-15,35,28
Aug-15,33,25
Aug-15,32,27
Aug-15,31,27
Aug-15,31,26
Aug-15,28,27
Aug-15,30,26
Sept-15,30,27
Sept-15,29,25
Sept-15,30,26
Sept-15,32,27
Sept-15,33,27
Sept-15,34,29
Sept-15,30,28
Sept-15,32,27
Sept-15,32,27
Sept-15,33,27
Sept-15,32,27
Sept-15,31,27
Sept-15,33,26
Sept-15,33,26
Sept-15,34,27
Sept-15,32,27
Sept-15,32,27
Sept-15,32,27
Sept-15,31,26
Sept-15,33,28
Sept-15,29,25
Sept-15,32,27
Sept-15,33,28
Sept-15,33,28
Sept-15,33,28
Sept-15,34,28
Sept-15,32,28
Sept-15,32,27
Sept-15,33,28
Sept-15,34,29
Oct-15,33,28
Oct-15,31,27
Oct-15,31,25
Oct-15,29,25
Oct-15,30,27
Oct-15,29,25
Oct-15,29,27
Oct-15,31,26
Oct-15,29,26
Oct-15,26,22
Oct-15,23,19
Oct-15,26,21
Oct-15,29,23
Oct-15,28,24
Oct-15,28,23
Oct-15,30,23
Oct-15,30,23
Oct-15,29,23
Oct-15,28,23
Oct-15,29,24
Oct-15,30,24
Oct-15,31,25
Oct-15,30,25
Oct-15,30,25
Oct-15,30,26
Oct-15,28,26
Oct-15,30,24
Oct-15,31,25
Oct-15,31,26
Oct-15,30,26
Oct-15,29,26
Nov-15,25,20
Nov-15,25,19
Nov-15,27,22
Nov-15,28,24
Nov-15,30,25
Nov-15,29,26
Nov-15,30,26
Nov-15,30,26
Nov-15,30,25
Nov-15,28,24
Nov-15,28,23
Nov-15,26,24
Nov-15,27,21
Nov-15,27,22
Nov-15,28,25
Nov-15,30,25
Nov-15,31,26
Nov-15,30,24
Nov-15,31,24
Nov-15,28,25
Nov-15,28,25
Nov-15,30,24
Nov-15,28,24
Nov-15,29,23
Nov-15,25,18
Nov-15,22,15
Nov-15,22,15
Nov-15,25,19
Nov-15,24,20
Nov-15,24,20
Dec-15,27,22
Dec-15,28,22
Dec-15,23,18
Dec-15,22,17
Dec-15,22,15
Dec-15,18,14
Dec-15,19,14
Dec-15,19,16
Dec-15,19,17
Dec-15,21,18
Dec-15,22,18
Dec-15,24,20
Dec-15,24,20
Dec-15,22,18
Dec-15,19,17
Dec-15,19,13
Dec-15,16,12
Dec-15,18,11
Dec-15,19,13
Dec-15,19,16
Dec-15,24,17
Dec-15,23,19
Dec-15,25,20
Dec-15,28,19
Dec-15,20,14
Dec-15,19,16
Dec-15,18,15
Dec-15,20,16
Dec-15,21,16
Dec-15,19,15
Dec-15,19,15
Jan-16,21,18
Jan-16,22,17
Jan-16,21,18
Jan-16,25,20
Jan-16,23,20
Jan-16,24,19
Jan-16,21,17
Jan-16,21,16
Jan-16,21,17
Jan-16,20,18
Jan-16,21,17
Jan-16,19,16
Jan-16,19,14
Jan-16,19,16
Jan-16,18,15
Jan-16,19,16
Jan-16,19,16
Jan-16,18,12
Jan-16,18,16
Jan-16,18,16
Jan-16,17,15
Jan-16,16,10
Jan-16,10,7
Jan-16,7,3
Jan-16,11,4
Jan-16,12,8
Jan-16,17,8
Jan-16,19,13
Jan-16,20,16
Jan-16,19,16
Jan-16,17,16
Feb-16,16,10
Feb-16,11,8
Feb-16,15,9
Feb-16,17,12
Feb-16,16,12
Feb-16,18,11
Feb-16,19,10
Feb-16,22,10
Feb-16,22,13
Feb-16,20,16
Feb-16,23,17
Feb-16,26,20
Feb-16,28,23
Feb-16,24,18
Feb-16,17,11
Feb-16,13,11
Feb-16,14,11
Feb-16,15,11
Feb-16,16,14
Feb-16,21,13
Feb-16,17,16
Feb-16,19,15
Feb-16,16,14
Feb-16,16,12
Feb-16,16,13
Feb-16,15,14
Feb-16,18,13
Feb-16,20,12
Feb-16,24,13
Mar-16,21,15
Mar-16,22,15
Mar-16,23,16
Mar-16,24,18
Mar-16,24,20
Mar-16,25,19
Mar-16,24,19
Mar-16,25,20
Mar-16,25,19
Mar-16,19,10
Mar-16,13,10
Mar-16,16,12
Mar-16,19,15
Mar-16,17,15
Mar-16,17,14
Mar-16,18,15
Mar-16,21,17
Mar-16,26,19
Mar-16,27,21
Mar-16,24,19
Mar-16,22,17
Mar-16,19,17
Mar-16,23,18
Mar-16,20,14
Mar-16,17,13
Mar-16,21,11
Mar-16,21,15
Mar-16,21,16
Mar-16,22,16
Mar-16,23,20
Mar-16,27,19
Apr-16,27,21
Apr-16,26,21
Apr-16,27,22
Apr-16,28,21
Apr-16,27,21
Apr-16,28,22
Apr-16,28,23
Apr-16,30,24
Apr-16,29,25
Apr-16,27,21
Apr-16,25,21
Apr-16,26,21
Apr-16,27,21
Apr-16,28,23
Apr-16,26,22
Apr-16,29,22
Apr-16,30,26
Apr-16,27,20
Apr-16,23,20
Apr-16,27,21
Apr-16,29,23
Apr-16,27,21
Apr-16,29,23
Apr-16,29,24
Apr-16,30,25
Apr-16,30,27
Apr-16,30,25
Apr-16,30,25
Apr-16,28,24
Apr-16,26,21
May-16,27,21
May-16,30,24
May-16,31,24
May-16,30,24
May-16,32,27
May-16,31,28
May-16,32,28
May-16,31,28
May-16,31,28
May-16,29,24
May-16,29,24
May-16,30,24
May-16,29,26
May-16,30,26
May-16,31,24
May-16,28,23
May-16,27,24
May-16,28,24
May-16,31,25
May-16,28,25
May-16,30,25
May-16,31,26
May-16,31,25
May-16,32,26
May-16,33,27
May-16,32,28
May-16,31,27
May-16,32,25
May-16,32,28
May-16,33,29
May-16,33,29
Jun-16,34,29
Jun-16,34,29
Jun-16,34,30
Jun-16,34,26
Jun-16,30,25
Jun-16,30,25
Jun-16,32,27
Jun-16,31,26
Jun-16,33,28
Jun-16,32,27
Jun-16,29,26
Jun-16,31,26
Jun-16,34,29
Jun-16,33,30
Jun-16,33,30
Jun-16,32,28
Jun-16,33,27
Jun-16,34,29
Jun-16,34,29
Jun-16,34,29
Jun-16,34,29
Jun-16,34,29
Jun-16,33,29
Jun-16,35,29
Jun-16,35,29
Jun-16,35,30
Jun-16,36,30
Jun-16,32,27
Jun-16,33,28
Jun-16,33,28
Jul-16,33,29
Jul-16,33,27
Jul-16,33,28
Jul-16,32,28
Jul-16,33,28
Jul-16,31,25
Jul-16,34,28
Jul-16,36,29
Jul-16,36,30
Jul-16,32,25
Jul-16,32,28
Jul-16,30,28
Jul-16,31,26
Jul-16,32,28
Jul-16,34,29
Jul-16,34,29
Jul-16,34,30
Jul-16,34,29
Jul-16,33,28
Jul-16,33,29
Jul-16,33,29
Jul-16,35,28
Jul-16,34,29
Jul-16,35,29
Jul-16,35,28
Jul-16,35,29
Jul-16,34,29
Jul-16,35,28
Jul-16,36,29
Jul-16,35,29
Jul-16,35,28
Aug-16,34,29
Aug-16,30,25
Aug-16,29,26
Aug-16,32,27
Aug-16,33,28
Aug-16,34,28
Aug-16,35,29
Aug-16,35,29
Aug-16,34,29
Aug-16,31,25
Aug-16,30,26
Aug-16,31,27
Aug-16,33,27
Aug-16,32,27
Aug-16,29,26
Aug-16,29,26
Aug-16,30,26
Aug-16,30,27
Aug-16,33,27
Aug-16,34,28
Aug-16,31,25
Aug-16,34,27
Aug-16,34,27
Aug-16,34,29
Aug-16,34,29
Aug-16,35,29
Aug-16,33,27
Aug-16,31,26
Aug-16,30,27
Aug-16,32,26
Aug-16,32,27
Sept-16,31,26
Sept-16,32,28
Sept-16,33,27
Sept-16,32,28
Sept-16,31,26
Sept-16,29,27
Sept-16,29,26
Sept-16,31,27
Sept-16,30,26
Sept-16,29,25
Sept-16,32,26
Sept-16,32,26
Sept-16,32,28
Sept-16,32,28
Sept-16,33,29
Sept-16,33,28
Sept-16,34,28
Sept-16,32,27
Sept-16,32,27
Sept-16,30,23
Sept-16,32,25
Sept-16,31,27
Sept-16,31,27
Sept-16,33,28
Sept-16,32,27
Sept-16,32,27
Sept-16,35,28
Sept-16,33,30
Sept-16,30,25
Sept-16,26,23
Oct-16,29,24
Oct-16,31,25
Oct-16,31,27
Oct-16,32,27
Oct-16,32,27
Oct-16,32,27
Oct-16,31,26
Oct-16,32,28
Oct-16,29,25
Oct-16,30,24
Oct-16,27,21
Oct-16,25,22
Oct-16,30,24
Oct-16,31,25
Oct-16,31,25
Oct-16,32,27
Oct-16,31,25
Oct-16,27,25
Oct-16,28,25
Oct-16,30,26
Oct-16,28,26
Oct-16,31,27
Oct-16,31,27
Oct-16,31,27
Oct-16,32,27
Oct-16,31,27
Oct-16,31,26
Oct-16,32,26
Oct-16,31,25
Oct-16,27,23
Oct-16,29,23
Nov-16,26,23
Nov-16,26,21
Nov-16,26,20
Nov-16,26,19
Nov-16,27,21
Nov-16,28,23
Nov-16,29,23
Nov-16,29,23
Nov-16,22,18
Nov-16,18,16
Nov-16,22,16
Nov-16,28,22
Nov-16,29,25
Nov-16,29,23
Nov-16,31,24
Nov-16,28,24
Nov-16,29,24
Nov-16,29,24
Nov-16,30,25
Nov-16,30,26
Nov-16,29,25
Nov-16,26,22
Nov-16,23,16
Nov-16,20,14
Nov-16,22,16
Nov-16,20,13
Nov-16,20,13
Nov-16,23,16
Nov-16,20,18
Nov-16,23,18
Dec-16,23,17
Dec-16,23,18
Dec-16,24,20
Dec-16,25,21
Dec-16,27,22
Dec-16,25,20
Dec-16,23,18
Dec-16,22,18
Dec-16,23,16
Dec-16,24,19
Dec-16,24,20
Dec-16,27,20
Dec-16,27,21
Dec-16,23,19
Dec-16,21,16
Dec-16,19,13
Dec-16,20,14
Dec-16,24,18
Dec-16,27,20
Dec-16,26,21
Dec-16,24,21
Dec-16,24,19
Dec-16,22,18
Dec-16,20,17
Dec-16,22,19
Dec-16,25,19
Dec-16,19,13
Dec-16,17,11
Dec-16,19,14
Dec-16,19,15
Dec-16,21,16
Jan-17,24,19
Jan-17,24,19
Jan-17,26,20
Jan-17,25,20
Jan-17,25,20
Jan-17,27,21
Jan-17,26,21
Jan-17,23,20
Jan-17,24,20
Jan-17,22,19
Jan-17,21,16
Jan-17,16,14
Jan-17,16,13
Jan-17,16,14
Jan-17,18,14
Jan-17,21,17
Jan-17,21,18
Jan-17,22,19
Jan-17,21,16
Jan-17,19,14
Jan-17,20,14
Jan-17,21,15
Jan-17,21,16
Jan-17,22,17
Jan-17,21,16
Jan-17,21,15
Jan-17,21,17
Jan-17,22,19
Jan-17,23,18
Jan-17,19,16
Feb-17,23,17
Feb-17,19,17
Feb-17,21,16
Feb-17,23,17
Feb-17,23,18
Feb-17,23,17
Feb-17,20,17
Feb-17,21,15
Feb-17,16,11
Feb-17,15,10
Feb-17,17,11
Feb-17,19,12
Feb-17,20,13
Feb-17,22,16
Feb-17,22,16
Feb-17,23,17
Feb-17,25,16
Feb-17,26,17
Feb-17,21,17
Feb-17,26,19
Feb-17,22,18
Feb-17,25,17
Feb-17,22,13
Feb-17,13,11
Feb-17,12,10
Feb-17,17,11
Feb-17,21,16
Feb-17,22,16
Mar-17,21,16
Mar-17,23,17
Mar-17,22,16
Mar-17,24,18
Mar-17,24,20
Mar-17,22,19
Mar-17,21,17
Mar-17,18,15
Mar-17,20,15
Mar-17,24,17
Mar-17,20,18
Mar-17,22,18
Mar-17,27,21
Mar-17,24,17
Mar-17,19,17
Mar-17,20,18
Mar-17,22,18
Mar-17,23,18
Mar-17,24,20
Mar-17,27,19
Mar-17,27,21
Mar-17,21,19
Mar-17,25,20
Mar-17,26,20
Mar-17,24,16
Mar-17,17,14
Mar-17,24,16
Mar-17,26,19
Mar-17,27,21
Mar-17,27,22
Mar-17,24,16
Apr-17,23,16
Apr-17,25,17
Apr-17,25,18
Apr-17,26,20
Apr-17,27,21
Apr-17,26,23
Apr-17,28,22
Apr-17,28,24
Apr-17,29,25
Apr-17,29,27
Apr-17,30,22
Apr-17,21,18
Apr-17,21,19
Apr-17,25,20
Apr-17,29,22
Apr-17,30,24
Apr-17,30,24
Apr-17,31,24
Apr-17,31,25
Apr-17,28,25
Apr-17,30,23
Apr-17,24,18
Apr-17,22,20
Apr-17,24,21
Apr-17,25,21
Apr-17,29,23
Apr-17,25,21
Apr-17,25,20
Apr-17,27,20
Apr-17,28,21
May-17,29,23
May-17,29,25
May-17,30,26
May-17,28,22
May-17,29,23
May-17,31,25
May-17,29,26
May-17,29,22
May-17,29,23
May-17,30,26
May-17,31,26
May-17,31,27
May-17,28,25
May-17,31,25
May-17,28,25
May-17,28,24
May-17,30,23
May-17,29,25
May-17,27,24
May-17,27,23
May-17,27,24
May-17,28,25
May-17,31,25
May-17,28,24
May-17,28,24
May-17,27,24
May-17,32,24
May-17,31,26
May-17,31,26
May-17,30,26
May-17,33,26
Jun-17,32,29
Jun-17,33,30
Jun-17,35,29
Jun-17,34,30
Jun-17,33,29
Jun-17,34,29
Jun-17,33,27
Jun-17,34,29
Jun-17,32,28
Jun-17,33,29
Jun-17,33,29
Jun-17,33,26
Jun-17,30,25
Jun-17,31,27
Jun-17,32,28
Jun-17,31,26
Jun-17,28,25
Jun-17,29,26
Jun-17,30,26
Jun-17,30,26
Jun-17,31,26
Jun-17,32,29
Jun-17,32,29
Jun-17,32,26
Jun-17,33,27
Jun-17,33,29
Jun-17,32,29
Jun-17,34,29
Jun-17,34,29
Jun-17,34,28
Jul-17,33,28
Jul-17,31,27
Jul-17,30,26
Jul-17,31,26
Jul-17,33,27
Jul-17,31,27
Jul-17,31,26
Jul-17,30,26
Jul-17,33,28
Jul-17,32,28
Jul-17,33,28
Jul-17,34,28
Jul-17,35,28
Jul-17,34,28
Jul-17,33,28
Jul-17,31,26
Jul-17,30,26
Jul-17,28,25
Jul-17,31,25
Jul-17,33,28
Jul-17,34,28
Jul-17,34,27
Jul-17,30,26
Jul-17,32,26
Jul-17,34,28
Jul-17,34,27
Jul-17,33,29
Jul-17,36,29
Jul-17,36,30
Jul-17,37,31
Jul-17,34,30
Aug-17,35,30
Aug-17,33,27
Aug-17,32,26
Aug-17,30,26
Aug-17,33,29
Aug-17,34,29
Aug-17,35,30
Aug-17,34,30
Aug-17,32,27
Aug-17,32,29
Aug-17,34,30
Aug-17,33,29
Aug-17,33,29
Aug-17,34,29
Aug-17,34,29
Aug-17,32,27
Aug-17,33,28
Aug-17,34,28
Aug-17,35,29
Aug-17,35,28
Aug-17,37,29
Aug-17,37,27
Aug-17,30,26
Aug-17,33,26
Aug-17,33,29
Aug-17,36,27
Aug-17,28,25
Aug-17,28,26
Aug-17,33,25
Aug-17,34,28
Aug-17,33,25
Sept-17,33,26
Sept-17,33,26
Sept-17,32,26
Sept-17,29,26
Sept-17,32,28
Sept-17,33,28
Sept-17,32,28
Sept-17,32,28
Sept-17,32,26
Sept-17,33,28
Sept-17,33,27
Sept-17,34,28
Sept-17,35,29
Sept-17,33,29
Sept-17,33,28
Sept-17,34,28
Sept-17,35,29
Sept-17,34,28
Sept-17,33,28
Sept-17,32,28
Sept-17,33,28
Sept-17,33,26
Sept-17,33,27
Sept-17,32,27
Sept-17,33,27
Sept-17,34,29
Sept-17,34,28
Sept-17,34,28
Sept-17,34,29
Sept-17,32,26
Oct-17,33,29
Oct-17,34,28
Oct-17,34,29
Oct-17,32,28
Oct-17,32,28
Oct-17,32,28
Oct-17,34,29
Oct-17,34,28
Oct-17,34,29
Oct-17,35,30
Oct-17,35,29
Oct-17,35,29
Oct-17,31,25
Oct-17,26,23
Oct-17,28,21
Oct-17,30,24
Oct-17,29,23
Oct-17,30,24
Oct-17,28,24
Oct-17,28,23
Oct-17,27,22
Oct-17,26,21
Oct-17,28,20
Oct-17,28,23
Oct-17,28,23
Oct-17,29,23
Oct-17,29,23
Oct-17,27,24